observation_date,rent_burden_30_plus,rent_burden_50_plus,renter_households,burden_base,not_computed
2007-01-01,49.3,24.6,36862873,34081869,2781004
2008-01-01,49.8,25.1,37728276,34969703,2758573
2009-01-01,51.5,26.4,38773225,35865739,2907486
2010-01-01,53.0,27.4,39694047,36656468,3037579
2011-01-01,53.4,28.0,40727290,37583736,3143554
2012-01-01,52.0,27.0,41850284,38681971,3168313
2013-01-01,51.5,26.5,42447172,39242039,3205133
2014-01-01,51.8,26.3,43267432,40002893,3264539
2015-01-01,50.6,25.5,43701738,40414066,3287672
2016-01-01,49.7,25.0,43837496,40657272,3180224
2017-01-01,49.5,24.7,43378800,40237512,3141288
2018-01-01,49.7,24.8,43811786,40717233,3094553
2019-01-01,48.4,23.7,44077990,41048717,3029273
2021-01-01,51.1,26.1,44147742,40979329,3168413
2022-01-01,51.9,26.7,45221844,42007061,3214783
2023-01-01,51.8,26.4,45646491,42544377,3102114
2024-01-01,51.8,26.1,46101640,42954477,3147163
