observation_date,DFII10,observations
2003-01-01,2.294286,21
2003-02-01,1.990000,19
2003-03-01,1.944286,21
2003-04-01,2.183810,21
2003-05-01,1.908095,21
2003-06-01,1.721905,21
2003-07-01,2.109545,22
2003-08-01,2.320476,21
2003-09-01,2.186190,21
2003-10-01,2.076364,22
2003-11-01,1.963889,18
2003-12-01,1.983636,22
2004-01-01,1.887500,20
2004-02-01,1.762105,19
2004-03-01,1.465217,23
2004-04-01,1.902857,21
2004-05-01,2.090000,20
2004-06-01,2.146190,21
2004-07-01,2.024286,21
2004-08-01,1.859545,22
2004-09-01,1.799048,21
2004-10-01,1.729000,20
2004-11-01,1.676000,20
2004-12-01,1.668636,22
2005-01-01,1.723500,20
2005-02-01,1.631053,19
2005-03-01,1.787273,22
2005-04-01,1.705714,21
2005-05-01,1.653333,21
2005-06-01,1.674545,22
2005-07-01,1.876500,20
2005-08-01,1.889130,23
2005-09-01,1.699048,21
2005-10-01,1.942500,20
2005-11-01,2.063500,20
2005-12-01,2.123333,21
2006-01-01,2.006000,20
2006-02-01,2.048947,19
2006-03-01,2.197391,23
2006-04-01,2.408947,19
2006-05-01,2.445909,22
2006-06-01,2.529545,22
2006-07-01,2.507000,20
2006-08-01,2.290870,23
2006-09-01,2.319500,20
2006-10-01,2.411429,21
2006-11-01,2.291905,21
2006-12-01,2.250500,20
2007-01-01,2.436667,21
2007-02-01,2.360526,19
2007-03-01,2.176818,22
2007-04-01,2.255714,21
2007-05-01,2.373636,22
2007-06-01,2.690952,21
2007-07-01,2.636667,21
2007-08-01,2.438261,23
2007-09-01,2.257368,19
2007-10-01,2.202273,22
2007-11-01,1.768000,20
2007-12-01,1.789000,20
2008-01-01,1.469048,21
2008-02-01,1.405000,20
2008-03-01,1.091000,20
2008-04-01,1.362273,22
2008-05-01,1.460000,21
2008-06-01,1.628571,21
2008-07-01,1.569091,22
2008-08-01,1.676190,21
2008-09-01,1.850000,21
2008-10-01,2.752273,22
2008-11-01,2.888333,18
2008-12-01,2.170000,22
2009-01-01,1.912000,20
2009-02-01,1.752105,19
2009-03-01,1.709091,22
2009-04-01,1.567619,21
2009-05-01,1.717000,20
2009-06-01,1.862273,22
2009-07-01,1.822727,22
2009-08-01,1.773810,21
2009-09-01,1.641905,21
2009-10-01,1.483333,21
2009-11-01,1.275263,19
2009-12-01,1.364545,22
2010-01-01,1.374737,19
2010-02-01,1.418947,19
2010-03-01,1.508261,23
2010-04-01,1.500909,22
2010-05-01,1.307000,20
2010-06-01,1.256818,22
2010-07-01,1.240952,21
2010-08-01,1.021818,22
2010-09-01,0.909048,21
2010-10-01,0.525000,20
2010-11-01,0.666000,20
2010-12-01,1.044091,22
2011-01-01,1.060500,20
2011-02-01,1.237895,19
2011-03-01,0.963913,23
2011-04-01,0.863500,20
2011-05-01,0.778571,21
2011-06-01,0.755455,22
2011-07-01,0.623500,20
2011-08-01,0.135217,23
2011-09-01,0.077619,21
2011-10-01,0.186000,20
2011-11-01,0.001500,20
2011-12-01,-0.031429,21
2012-01-01,-0.108000,20
2012-02-01,-0.254500,20
2012-03-01,-0.141364,22
2012-04-01,-0.213810,21
2012-05-01,-0.341364,22
2012-06-01,-0.500476,21
2012-07-01,-0.601905,21
2012-08-01,-0.585652,23
2012-09-01,-0.713158,19
2012-10-01,-0.748571,21
2012-11-01,-0.772500,20
2012-12-01,-0.757500,20
2013-01-01,-0.608571,21
2013-02-01,-0.570526,19
2013-03-01,-0.585000,20
2013-04-01,-0.652273,22
2013-05-01,-0.355000,22
2013-06-01,0.251500,20
2013-07-01,0.460000,22
2013-08-01,0.552727,22
2013-09-01,0.664000,20
2013-10-01,0.428636,22
2013-11-01,0.547895,19
2013-12-01,0.738571,21
2014-01-01,0.631905,21
2014-02-01,0.552105,19
2014-03-01,0.555714,21
2014-04-01,0.542857,21
2014-05-01,0.368095,21
2014-06-01,0.369524,21
2014-07-01,0.279545,22
2014-08-01,0.223810,21
2014-09-01,0.460952,21
2014-10-01,0.384091,22
2014-11-01,0.445556,18
2014-12-01,0.510455,22
2015-01-01,0.274500,20
2015-02-01,0.260000,19
2015-03-01,0.280909,22
2015-04-01,0.076818,22
2015-05-01,0.332000,20
2015-06-01,0.497727,22
2015-07-01,0.503636,22
2015-08-01,0.555714,21
2015-09-01,0.650000,21
2015-10-01,0.571429,21
2015-11-01,0.692632,19
2015-12-01,0.727727,22
2016-01-01,0.665263,19
2016-02-01,0.472000,20
2016-03-01,0.337273,22
2016-04-01,0.190476,21
2016-05-01,0.211905,21
2016-06-01,0.174091,22
2016-07-01,0.038500,20
2016-08-01,0.088261,23
2016-09-01,0.115714,21
2016-10-01,0.097500,20
2016-11-01,0.320000,20
2016-12-01,0.556190,21
2017-01-01,0.421000,20
2017-02-01,0.400000,19
2017-03-01,0.485652,23
2017-04-01,0.391053,19
2017-05-01,0.466818,22
2017-06-01,0.458182,22
2017-07-01,0.546000,20
2017-08-01,0.433478,23
2017-09-01,0.368000,20
2017-10-01,0.498095,21
2017-11-01,0.495714,21
2017-12-01,0.503000,20
2018-01-01,0.540000,21
2018-02-01,0.757368,19
2018-03-01,0.751905,21
2018-04-01,0.741429,21
2018-05-01,0.835909,22
2018-06-01,0.794762,21
2018-07-01,0.774762,21
2018-08-01,0.790000,23
2018-09-01,0.881053,19
2018-10-01,1.040909,22
2018-11-01,1.113000,20
2018-12-01,1.016316,19
2019-01-01,0.920000,21
2019-02-01,0.799474,19
2019-03-01,0.658095,21
2019-04-01,0.595714,21
2019-05-01,0.568636,22
2019-06-01,0.374000,20
2019-07-01,0.306364,22
2019-08-01,0.040000,22
2019-09-01,0.112500,20
2019-10-01,0.145909,22
2019-11-01,0.171579,19
2019-12-01,0.144762,21
2020-01-01,0.036667,21
2020-02-01,-0.111579,19
2020-03-01,-0.116818,22
2020-04-01,-0.445714,21
2020-05-01,-0.441500,20
2020-06-01,-0.544545,22
2020-07-01,-0.832727,22
2020-08-01,-1.011429,21
2020-09-01,-0.976667,21
2020-10-01,-0.916667,21
2020-11-01,-0.842105,19
2020-12-01,-0.982273,22
2021-01-01,-1.000526,19
2021-02-01,-0.922105,19
2021-03-01,-0.664348,23
2021-04-01,-0.714545,22
2021-05-01,-0.847000,20
2021-06-01,-0.823636,22
2021-07-01,-1.009048,21
2021-08-01,-1.065455,22
2021-09-01,-0.969524,21
2021-10-01,-0.952500,20
2021-11-01,-1.056500,20
2021-12-01,-0.993182,22
2022-01-01,-0.685500,20
2022-02-01,-0.523684,19
2022-03-01,-0.718696,23
2022-04-01,-0.136500,20
2022-05-01,0.209524,21
2022-06-01,0.525714,21
2022-07-01,0.534000,20
2022-08-01,0.389565,23
2022-09-01,1.136667,21
2022-10-01,1.590000,20
2022-11-01,1.520000,20
2022-12-01,1.356667,21
2023-01-01,1.294500,20
2023-02-01,1.413158,19
2023-03-01,1.360870,23
2023-04-01,1.193500,20
2023-05-01,1.360000,22
2023-06-01,1.547619,21
2023-07-01,1.603000,20
2023-08-01,1.832609,23
2023-09-01,2.037000,20
2023-10-01,2.411905,21
2023-11-01,2.198571,21
2023-12-01,1.835500,20
2024-01-01,1.791905,21
2024-02-01,1.925000,20
2024-03-01,1.897000,20
2024-04-01,2.145000,22
2024-05-01,2.148182,22
2024-06-01,2.050000,19
2024-07-01,1.974091,22
2024-08-01,1.760909,22
2024-09-01,1.616000,20
2024-10-01,1.809545,22
2024-11-01,2.034737,19
2024-12-01,2.088095,21
2025-01-01,2.228571,21
2025-02-01,2.026842,19
2025-03-01,1.946190,21
2025-04-01,2.038095,21
2025-05-01,2.110476,21
2025-06-01,2.086500,20
2025-07-01,2.008182,22
2025-08-01,1.882857,21
2025-09-01,1.749048,21
2025-10-01,1.756818,22
2025-11-01,1.827778,18
2025-12-01,1.899091,22
2026-01-01,1.907000,20
2026-02-01,1.824737,19
2026-03-01,1.909091,22
2026-04-01,1.936818,22
2026-05-01,2.039000,20
2026-06-01,2.179048,21
2026-07-01,2.353182,22
2026-08-01,2.397143,21
