observation_date,DGS10,observations
2003-01-01,4.048571,21
2003-02-01,3.902632,19
2003-03-01,3.807143,21
2003-04-01,3.958571,21
2003-05-01,3.569048,21
2003-06-01,3.334286,21
2003-07-01,3.975455,22
2003-08-01,4.445238,21
2003-09-01,4.274286,21
2003-10-01,4.290455,22
2003-11-01,4.300000,18
2003-12-01,4.267727,22
2004-01-01,4.150500,20
2004-02-01,4.084211,19
2004-03-01,3.826522,23
2004-04-01,4.347619,21
2004-05-01,4.715500,20
2004-06-01,4.733810,21
2004-07-01,4.498095,21
2004-08-01,4.281364,22
2004-09-01,4.125714,21
2004-10-01,4.097000,20
2004-11-01,4.194000,20
2004-12-01,4.230909,22
2005-01-01,4.221500,20
2005-02-01,4.165263,19
2005-03-01,4.497727,22
2005-04-01,4.340952,21
2005-05-01,4.144286,21
2005-06-01,3.998182,22
2005-07-01,4.177500,20
2005-08-01,4.262609,23
2005-09-01,4.199048,21
2005-10-01,4.463500,20
2005-11-01,4.535000,20
2005-12-01,4.467143,21
2006-01-01,4.416000,20
2006-02-01,4.568947,19
2006-03-01,4.723913,23
2006-04-01,4.990526,19
2006-05-01,5.110000,22
2006-06-01,5.106364,22
2006-07-01,5.087500,20
2006-08-01,4.876522,23
2006-09-01,4.719000,20
2006-10-01,4.729048,21
2006-11-01,4.595238,21
2006-12-01,4.564500,20
2007-01-01,4.759524,21
2007-02-01,4.722632,19
2007-03-01,4.564545,22
2007-04-01,4.693810,21
2007-05-01,4.746364,22
2007-06-01,5.102857,21
2007-07-01,5.004286,21
2007-08-01,4.674783,23
2007-09-01,4.521579,19
2007-10-01,4.527727,22
2007-11-01,4.148500,20
2007-12-01,4.097500,20
2008-01-01,3.744286,21
2008-02-01,3.737500,20
2008-03-01,3.510000,20
2008-04-01,3.675000,22
2008-05-01,3.880000,21
2008-06-01,4.099524,21
2008-07-01,4.007727,22
2008-08-01,3.885714,21
2008-09-01,3.686190,21
2008-10-01,3.814091,22
2008-11-01,3.526667,18
2008-12-01,2.416364,22
2009-01-01,2.517500,20
2009-02-01,2.870000,19
2009-03-01,2.819545,22
2009-04-01,2.927143,21
2009-05-01,3.293000,20
2009-06-01,3.721818,22
2009-07-01,3.562273,22
2009-08-01,3.587143,21
2009-09-01,3.401905,21
2009-10-01,3.387619,21
2009-11-01,3.402632,19
2009-12-01,3.590000,22
2010-01-01,3.733158,19
2010-02-01,3.691053,19
2010-03-01,3.727391,23
2010-04-01,3.846818,22
2010-05-01,3.420000,20
2010-06-01,3.204091,22
2010-07-01,3.011429,21
2010-08-01,2.698636,22
2010-09-01,2.647619,21
2010-10-01,2.540000,20
2010-11-01,2.763000,20
2010-12-01,3.290909,22
2011-01-01,3.394000,20
2011-02-01,3.576316,19
2011-03-01,3.414348,23
2011-04-01,3.455000,20
2011-05-01,3.168571,21
2011-06-01,3.002273,22
2011-07-01,3.003000,20
2011-08-01,2.303043,23
2011-09-01,1.975238,21
2011-10-01,2.152000,20
2011-11-01,2.013500,20
2011-12-01,1.978095,21
2012-01-01,1.966500,20
2012-02-01,1.967500,20
2012-03-01,2.172727,22
2012-04-01,2.052857,21
2012-05-01,1.803182,22
2012-06-01,1.622381,21
2012-07-01,1.526667,21
2012-08-01,1.678261,23
2012-09-01,1.723158,19
2012-10-01,1.746190,21
2012-11-01,1.654000,20
2012-12-01,1.719000,20
2013-01-01,1.914762,21
2013-02-01,1.984211,19
2013-03-01,1.957500,20
2013-04-01,1.759091,22
2013-05-01,1.928182,22
2013-06-01,2.300000,20
2013-07-01,2.582273,22
2013-08-01,2.737273,22
2013-09-01,2.809500,20
2013-10-01,2.615909,22
2013-11-01,2.718421,19
2013-12-01,2.901905,21
2014-01-01,2.858095,21
2014-02-01,2.709474,19
2014-03-01,2.723333,21
2014-04-01,2.705238,21
2014-05-01,2.559048,21
2014-06-01,2.598571,21
2014-07-01,2.542273,22
2014-08-01,2.420000,21
2014-09-01,2.534286,21
2014-10-01,2.304091,22
2014-11-01,2.325556,18
2014-12-01,2.207273,22
2015-01-01,1.881500,20
2015-02-01,1.975263,19
2015-03-01,2.042727,22
2015-04-01,1.935000,22
2015-05-01,2.197500,20
2015-06-01,2.363636,22
2015-07-01,2.324545,22
2015-08-01,2.167143,21
2015-09-01,2.172857,21
2015-10-01,2.070000,21
2015-11-01,2.263158,19
2015-12-01,2.242727,22
2016-01-01,2.085263,19
2016-02-01,1.779500,20
2016-03-01,1.889091,22
2016-04-01,1.805238,21
2016-05-01,1.806190,21
2016-06-01,1.644091,22
2016-07-01,1.504000,20
2016-08-01,1.556522,23
2016-09-01,1.630476,21
2016-10-01,1.764500,20
2016-11-01,2.142000,20
2016-12-01,2.491905,21
2017-01-01,2.432500,20
2017-02-01,2.418947,19
2017-03-01,2.481739,23
2017-04-01,2.297368,19
2017-05-01,2.303636,22
2017-06-01,2.186818,22
2017-07-01,2.318000,20
2017-08-01,2.209130,23
2017-09-01,2.202000,20
2017-10-01,2.360000,21
2017-11-01,2.353333,21
2017-12-01,2.402500,20
2018-01-01,2.583810,21
2018-02-01,2.858947,19
2018-03-01,2.842381,21
2018-04-01,2.869048,21
2018-05-01,2.977727,22
2018-06-01,2.912381,21
2018-07-01,2.889048,21
2018-08-01,2.889130,23
2018-09-01,3.004211,19
2018-10-01,3.152273,22
2018-11-01,3.117000,20
2018-12-01,2.832632,19
2019-01-01,2.713810,21
2019-02-01,2.676316,19
2019-03-01,2.570952,21
2019-04-01,2.532381,21
2019-05-01,2.395000,22
2019-06-01,2.074000,20
2019-07-01,2.059091,22
2019-08-01,1.626364,22
2019-09-01,1.699500,20
2019-10-01,1.706818,22
2019-11-01,1.812105,19
2019-12-01,1.862857,21
2020-01-01,1.757619,21
2020-02-01,1.504211,19
2020-03-01,0.870000,22
2020-04-01,0.657619,21
2020-05-01,0.674000,20
2020-06-01,0.728636,22
2020-07-01,0.623636,22
2020-08-01,0.650000,21
2020-09-01,0.679524,21
2020-10-01,0.787143,21
2020-11-01,0.870000,19
2020-12-01,0.933636,22
2021-01-01,1.081053,19
2021-02-01,1.257895,19
2021-03-01,1.610870,23
2021-04-01,1.635000,22
2021-05-01,1.621000,20
2021-06-01,1.519091,22
2021-07-01,1.318571,21
2021-08-01,1.283182,22
2021-09-01,1.374762,21
2021-10-01,1.582500,20
2021-11-01,1.559500,20
2021-12-01,1.465000,22
2022-01-01,1.764000,20
2022-02-01,1.934211,19
2022-03-01,2.127826,23
2022-04-01,2.747500,20
2022-05-01,2.898095,21
2022-06-01,3.143333,21
2022-07-01,2.896000,20
2022-08-01,2.897826,23
2022-09-01,3.519048,21
2022-10-01,3.983500,20
2022-11-01,3.891000,20
2022-12-01,3.616190,21
2023-01-01,3.531500,20
2023-02-01,3.746842,19
2023-03-01,3.663043,23
2023-04-01,3.460000,20
2023-05-01,3.573636,22
2023-06-01,3.748095,21
2023-07-01,3.899500,20
2023-08-01,4.167826,23
2023-09-01,4.379000,20
2023-10-01,4.798095,21
2023-11-01,4.502857,21
2023-12-01,4.020000,20
2024-01-01,4.058095,21
2024-02-01,4.207500,20
2024-03-01,4.208500,20
2024-04-01,4.539091,22
2024-05-01,4.482273,22
2024-06-01,4.305263,19
2024-07-01,4.248636,22
2024-08-01,3.870909,22
2024-09-01,3.723500,20
2024-10-01,4.095455,22
2024-11-01,4.355789,19
2024-12-01,4.391429,21
2025-01-01,4.629048,21
2025-02-01,4.451053,19
2025-03-01,4.280476,21
2025-04-01,4.279048,21
2025-05-01,4.423810,21
2025-06-01,4.383500,20
2025-07-01,4.391818,22
2025-08-01,4.264762,21
2025-09-01,4.120476,21
2025-10-01,4.061818,22
2025-11-01,4.093889,18
2025-12-01,4.143182,22
2026-01-01,4.213500,20
2026-02-01,4.125789,19
2026-03-01,4.245909,22
2026-04-01,4.319091,22
2026-05-01,4.484000,20
2026-06-01,4.470476,21
2026-07-01,4.599545,22
2026-08-01,4.684286,21
