observation_date,vix_month_mean,vix_month_max,observations
2006-01-01,12.036000,14.560000,20
2006-02-01,12.471053,13.590000,19
2006-03-01,11.693913,12.740000,23
2006-04-01,11.847368,13.000000,19
2006-05-01,14.454545,18.660000,22
2006-06-01,16.918636,23.810000,22
2006-07-01,15.326000,18.640000,20
2006-08-01,13.351739,15.230000,23
2006-09-01,12.184500,13.880000,20
2006-10-01,11.306364,12.570000,22
2006-11-01,10.817619,12.300000,21
2006-12-01,10.964500,12.670000,20
2007-01-01,11.042500,12.140000,20
2007-02-01,11.155263,18.310000,19
2007-03-01,15.162727,19.630000,22
2007-04-01,12.933000,14.530000,20
2007-05-01,13.297727,14.080000,22
2007-06-01,14.947619,18.890000,21
2007-07-01,17.273333,24.170000,21
2007-08-01,25.026087,30.830000,23
2007-09-01,22.198947,27.380000,19
2007-10-01,19.115652,22.960000,23
2007-11-01,25.582381,31.090000,21
2007-12-01,21.651000,24.520000,20
2008-01-01,25.816190,31.010000,21
2008-02-01,25.456000,28.970000,20
2008-03-01,27.103500,32.240000,20
2008-04-01,21.562727,23.820000,22
2008-05-01,18.303333,19.730000,21
2008-06-01,22.110476,24.120000,21
2008-07-01,24.321818,28.540000,22
2008-08-01,20.695714,23.490000,21
2008-09-01,30.238571,46.720000,21
2008-10-01,61.177391,80.060000,23
2008-11-01,62.668947,80.860000,19
2008-12-01,52.405000,68.510000,22
2009-01-01,44.683000,56.650000,20
2009-02-01,45.570526,52.620000,19
2009-03-01,44.795455,52.650000,22
2009-04-01,38.063810,42.280000,21
2009-05-01,31.978000,35.300000,20
2009-06-01,29.140455,32.680000,22
2009-07-01,26.162727,31.300000,22
2009-08-01,25.337143,27.890000,21
2009-09-01,24.926667,29.150000,21
2009-10-01,24.252273,30.690000,22
2009-11-01,23.789000,29.780000,20
2009-12-01,21.239545,23.690000,22
2010-01-01,20.643158,27.310000,19
2010-02-01,22.540000,26.510000,19
2010-03-01,17.767391,19.260000,23
2010-04-01,17.424286,22.810000,21
2010-05-01,31.929500,45.790000,20
2010-06-01,29.916364,36.570000,22
2010-07-01,25.565238,32.860000,21
2010-08-01,24.745909,27.460000,22
2010-09-01,22.517619,23.890000,21
2010-10-01,20.373333,23.530000,21
2010-11-01,20.095714,23.540000,21
2010-12-01,17.569545,21.360000,22
2011-01-01,17.315500,20.040000,20
2011-02-01,17.430000,22.130000,19
2011-03-01,20.723478,29.400000,23
2011-04-01,16.244000,17.870000,20
2011-05-01,16.911429,18.400000,21
2011-06-01,19.153182,22.730000,22
2011-07-01,19.227500,25.250000,20
2011-08-01,35.029130,48.000000,23
2011-09-01,36.530000,42.960000,21
2011-10-01,32.829048,45.450000,21
2011-11-01,31.941905,36.160000,21
2011-12-01,25.047619,30.590000,21
2012-01-01,20.228000,22.970000,20
2012-02-01,18.420500,21.140000,20
2012-03-01,16.167273,20.870000,22
2012-04-01,17.823000,20.390000,20
2012-05-01,21.001818,25.100000,22
2012-06-01,21.130952,26.660000,21
2012-07-01,17.565238,20.470000,21
2012-08-01,15.689565,18.960000,23
2012-09-01,15.284737,17.980000,19
2012-10-01,16.276190,18.830000,21
2012-11-01,16.701905,19.080000,21
2012-12-01,17.307000,22.720000,20
2013-01-01,13.505238,14.680000,21
2013-02-01,14.072632,18.990000,19
2013-03-01,13.031500,15.360000,20
2013-04-01,13.967273,17.560000,22
2013-05-01,13.493636,16.300000,22
2013-06-01,17.271500,20.490000,20
2013-07-01,13.974545,16.440000,22
2013-08-01,14.210000,17.010000,22
2013-09-01,14.692000,16.610000,20
2013-10-01,15.407826,20.340000,23
2013-11-01,12.924000,13.910000,20
2013-12-01,14.192381,16.210000,21
2014-01-01,14.240952,18.410000,21
2014-02-01,15.470000,21.440000,19
2014-03-01,14.836667,17.820000,21
2014-04-01,14.198095,17.030000,21
2014-05-01,12.475238,13.800000,21
2014-06-01,11.541429,12.650000,21
2014-07-01,12.296364,16.950000,22
2014-08-01,13.491905,17.030000,21
2014-09-01,13.466667,16.310000,21
2014-10-01,18.058696,26.250000,23
2014-11-01,13.413158,14.890000,19
2014-12-01,16.292273,23.570000,22
2015-01-01,19.119500,22.390000,20
2015-02-01,15.904211,19.430000,19
2015-03-01,14.812727,16.870000,22
2015-04-01,13.494762,15.110000,21
2015-05-01,13.338500,15.150000,20
2015-06-01,14.339545,18.850000,22
2015-07-01,14.352727,19.970000,22
2015-08-01,19.428095,40.740000,21
2015-09-01,24.377143,31.400000,21
2015-10-01,16.789545,22.550000,22
2015-11-01,16.210000,20.080000,20
2015-12-01,18.025455,24.390000,22
2016-01-01,23.717895,27.590000,19
2016-02-01,22.517000,28.140000,20
2016-03-01,15.849091,18.670000,22
2016-04-01,14.300476,16.260000,21
2016-05-01,14.852857,16.330000,21
2016-06-01,17.774545,25.760000,22
2016-07-01,13.158500,15.580000,20
2016-08-01,12.399565,13.650000,23
2016-09-01,14.219524,18.140000,21
2016-10-01,14.585238,17.060000,21
2016-11-01,15.236190,22.510000,21
2016-12-01,12.472381,14.120000,21
2017-01-01,11.608500,12.850000,20
2017-02-01,11.530526,12.920000,19
2017-03-01,11.897826,13.120000,23
2017-04-01,13.136316,15.960000,19
2017-05-01,10.862273,15.590000,22
2017-06-01,10.513636,11.460000,22
2017-07-01,10.264500,12.540000,20
2017-08-01,11.975652,16.040000,23
2017-09-01,10.438000,12.230000,20
2017-10-01,10.125455,11.300000,22
2017-11-01,10.540476,13.130000,21
2017-12-01,10.264500,11.680000,20
2018-01-01,11.062381,14.790000,21
2018-02-01,22.464737,37.320000,19
2018-03-01,19.023810,24.870000,21
2018-04-01,18.267619,23.620000,21
2018-05-01,14.124545,17.020000,22
2018-06-01,13.678095,17.910000,21
2018-07-01,13.147619,16.140000,21
2018-08-01,12.546957,14.780000,23
2018-09-01,12.910526,14.880000,19
2018-10-01,19.352174,25.230000,23
2018-11-01,19.389048,22.480000,21
2018-12-01,24.953158,36.070000,19
2019-01-01,19.572381,25.450000,21
2019-02-01,15.234737,16.370000,19
2019-03-01,14.485238,16.590000,21
2019-04-01,12.949048,14.280000,21
2019-05-01,16.721818,20.550000,22
2019-06-01,15.836000,18.860000,20
2019-07-01,13.305909,16.120000,22
2019-08-01,18.979091,24.590000,22
2019-09-01,15.559000,19.660000,20
2019-10-01,15.466522,20.560000,23
2019-11-01,12.523500,13.130000,20
2019-12-01,13.756667,15.960000,21
2020-01-01,13.940952,18.840000,21
2020-02-01,19.628947,40.110000,19
2020-03-01,57.736818,82.690000,22
2020-04-01,41.453810,57.060000,21
2020-05-01,30.897000,37.190000,20
2020-06-01,31.119545,40.790000,22
2020-07-01,26.840455,32.190000,22
2020-08-01,22.889524,26.410000,21
2020-09-01,27.647619,33.600000,21
2020-10-01,29.438636,40.280000,22
2020-11-01,24.995500,37.130000,20
2020-12-01,22.374091,25.160000,22
2021-01-01,24.910000,37.210000,19
2021-02-01,23.140526,30.240000,19
2021-03-01,21.843043,28.570000,23
2021-04-01,17.416190,18.710000,21
2021-05-01,19.760500,27.590000,20
2021-06-01,16.956818,20.700000,22
2021-07-01,17.603333,22.500000,21
2021-08-01,17.472727,21.670000,22
2021-09-01,19.824762,25.710000,21
2021-10-01,17.871429,22.960000,21
2021-11-01,18.500476,28.620000,21
2021-12-01,21.354545,31.120000,22
2022-01-01,23.181000,31.960000,20
2022-02-01,25.748421,31.020000,19
2022-03-01,26.968696,36.450000,23
2022-04-01,24.373500,33.520000,20
2022-05-01,29.313636,34.750000,22
2022-06-01,28.233182,34.020000,22
2022-07-01,24.995238,27.540000,21
2022-08-01,22.169565,26.210000,23
2022-09-01,27.341818,32.600000,22
2022-10-01,30.005714,33.630000,21
2022-11-01,23.299091,26.090000,22
2022-12-01,21.784286,25.000000,21
2023-01-01,20.169048,22.900000,21
2023-02-01,20.120500,22.870000,20
2023-03-01,21.644348,26.520000,23
2023-04-01,17.817895,19.100000,19
2023-05-01,17.636087,20.090000,23
2023-06-01,14.003182,15.650000,22
2023-07-01,13.932381,15.440000,21
2023-08-01,15.853913,17.890000,23
2023-09-01,15.173333,18.940000,21
2023-10-01,18.887727,21.710000,22
2023-11-01,14.019091,16.870000,22
2023-12-01,12.718500,13.670000,20
2024-01-01,13.388636,14.790000,22
2024-02-01,13.980476,15.850000,21
2024-03-01,13.787500,15.220000,20
2024-04-01,16.137727,19.230000,22
2024-05-01,13.058696,15.390000,23
2024-06-01,12.667000,13.330000,20
2024-07-01,14.373913,18.460000,23
2024-08-01,19.312273,38.570000,22
2024-09-01,17.663333,22.380000,21
2024-10-01,19.960870,23.160000,23
2024-11-01,16.015238,21.980000,21
2024-12-01,15.866190,27.620000,21
2025-01-01,16.763636,19.540000,22
2025-02-01,16.968000,21.130000,20
2025-03-01,21.841429,27.860000,21
2025-04-01,31.966190,52.330000,21
2025-05-01,20.462273,24.760000,22
2025-06-01,18.403333,22.170000,21
2025-07-01,16.381304,17.790000,23
2025-08-01,15.750000,20.380000,21
2025-09-01,15.789091,17.170000,22
2025-10-01,18.086522,25.310000,23
2025-11-01,19.769500,26.420000,20
2025-12-01,15.548182,17.620000,22
2026-01-01,16.179048,20.090000,21
2026-02-01,19.207000,21.770000,20
2026-03-01,25.596818,31.050000,22
2026-04-01,19.811905,25.780000,21
2026-05-01,17.237143,18.430000,21
2026-06-01,17.906818,22.220000,22
2026-07-01,17.090870,20.660000,23
2026-08-01,15.229524,16.500000,21
2026-09-01,15.716316,17.840000,19
