date,locked_index,locked_band,live_index,live_band,live_difference,crime_value,rtci_month,rtci_month_start,agencies,population_weighted,rtci_commit_date,rtci_sha,lex_index,lex_band,lex_difference,lex_crime_value,lex_rtci_month,lex_month_start,lex_agencies
2026-04-21,57.03,Moderate Stability,58.31,Moderate Stability,1.28,2146.38,February 2026,2026-02-01,498,2585.19,2026-04-16,6d87764cb042dbb2ec0ba7c2a36e692ecb2c533b,58.01,Moderate Stability,0.98,2285.03,September 2025,2025-09-01,498
2026-04-25,57.03,Moderate Stability,58.31,Moderate Stability,1.28,2146.42,February 2026,2026-02-01,498,2585.32,2026-04-24,0786cfa2188da0c2730b51d624399db7ef7b22ee,58.01,Moderate Stability,0.98,2285.03,September 2025,2025-09-01,498
2026-05-01,57.03,Moderate Stability,58.31,Moderate Stability,1.28,2146.42,February 2026,2026-02-01,498,2585.32,2026-04-24,0786cfa2188da0c2730b51d624399db7ef7b22ee,58.01,Moderate Stability,0.98,2285.03,September 2025,2025-09-01,498
2026-05-08,57.03,Moderate Stability,58.31,Moderate Stability,1.28,2146.42,February 2026,2026-02-01,498,2585.32,2026-04-24,0786cfa2188da0c2730b51d624399db7ef7b22ee,58.01,Moderate Stability,0.98,2285.03,September 2025,2025-09-01,498
2026-05-15,56.62,Moderate Stability,57.90,Moderate Stability,1.28,2146.42,February 2026,2026-02-01,498,2585.32,2026-04-24,0786cfa2188da0c2730b51d624399db7ef7b22ee,57.59,Moderate Stability,0.97,2285.03,September 2025,2025-09-01,498
2026-05-22,56.62,Moderate Stability,58.02,Moderate Stability,1.40,2092.21,March 2026,2026-03-01,612,2477.12,2026-05-18,40c9ab093775c537f681a1a860bd90abf3e757f2,57.72,Moderate Stability,1.10,2229.84,September 2025,2025-09-01,612
2026-05-29,56.62,Moderate Stability,58.02,Moderate Stability,1.40,2092.21,March 2026,2026-03-01,612,2477.12,2026-05-18,40c9ab093775c537f681a1a860bd90abf3e757f2,57.72,Moderate Stability,1.10,2229.84,September 2025,2025-09-01,612
2026-06-05,56.62,Moderate Stability,58.02,Moderate Stability,1.40,2092.21,March 2026,2026-03-01,612,2477.12,2026-05-18,40c9ab093775c537f681a1a860bd90abf3e757f2,57.72,Moderate Stability,1.10,2229.84,September 2025,2025-09-01,612
2026-06-12,56.30,Moderate Stability,57.70,Moderate Stability,1.40,2092.21,March 2026,2026-03-01,612,2477.12,2026-05-18,40c9ab093775c537f681a1a860bd90abf3e757f2,57.39,Moderate Stability,1.09,2229.84,September 2025,2025-09-01,612
2026-06-19,56.28,Moderate Stability,57.72,Moderate Stability,1.44,2074.97,April 2026,2026-04-01,621,2443.27,2026-06-16,bc66ee94d57cae9f85ea738d6a1a8861e8f9d49a,57.37,Moderate Stability,1.09,2234.66,September 2025,2025-09-01,621
2026-06-26,56.30,Moderate Stability,57.74,Moderate Stability,1.44,2074.97,April 2026,2026-04-01,621,2443.27,2026-06-16,bc66ee94d57cae9f85ea738d6a1a8861e8f9d49a,57.38,Moderate Stability,1.08,2234.66,September 2025,2025-09-01,621
2026-07-03,56.36,Moderate Stability,57.80,Moderate Stability,1.44,2074.97,April 2026,2026-04-01,621,2443.27,2026-06-16,bc66ee94d57cae9f85ea738d6a1a8861e8f9d49a,57.45,Moderate Stability,1.09,2234.66,September 2025,2025-09-01,621
2026-07-10,56.36,Moderate Stability,57.80,Moderate Stability,1.44,2074.97,April 2026,2026-04-01,621,2443.27,2026-06-16,bc66ee94d57cae9f85ea738d6a1a8861e8f9d49a,57.45,Moderate Stability,1.09,2234.66,September 2025,2025-09-01,621
2026-07-17,56.95,Moderate Stability,58.39,Moderate Stability,1.44,2074.97,April 2026,2026-04-01,621,2443.27,2026-06-16,bc66ee94d57cae9f85ea738d6a1a8861e8f9d49a,58.03,Moderate Stability,1.08,2234.66,September 2025,2025-09-01,621
2026-07-24,56.95,Moderate Stability,58.39,Moderate Stability,1.44,2074.97,April 2026,2026-04-01,621,2443.27,2026-06-16,bc66ee94d57cae9f85ea738d6a1a8861e8f9d49a,58.03,Moderate Stability,1.08,2234.66,September 2025,2025-09-01,621
2026-08-01,56.95,Moderate Stability,58.39,Moderate Stability,1.44,2074.97,April 2026,2026-04-01,621,2443.27,2026-06-16,bc66ee94d57cae9f85ea738d6a1a8861e8f9d49a,58.03,Moderate Stability,1.08,2234.66,September 2025,2025-09-01,621
2026-08-07,57.02,Moderate Stability,58.46,Moderate Stability,1.44,2074.97,April 2026,2026-04-01,621,2443.27,2026-06-16,bc66ee94d57cae9f85ea738d6a1a8861e8f9d49a,58.10,Moderate Stability,1.08,2234.66,September 2025,2025-09-01,621
2026-08-14,57.15,Moderate Stability,58.59,Moderate Stability,1.44,2074.97,April 2026,2026-04-01,621,2443.27,2026-06-16,bc66ee94d57cae9f85ea738d6a1a8861e8f9d49a,58.23,Moderate Stability,1.08,2234.66,September 2025,2025-09-01,621
2026-08-21,57.15,Moderate Stability,58.59,Moderate Stability,1.44,2074.97,April 2026,2026-04-01,621,2443.27,2026-06-16,bc66ee94d57cae9f85ea738d6a1a8861e8f9d49a,58.23,Moderate Stability,1.08,2234.66,September 2025,2025-09-01,621
2026-08-29,57.15,Moderate Stability,58.59,Moderate Stability,1.44,2074.97,April 2026,2026-04-01,621,2443.27,2026-06-16,bc66ee94d57cae9f85ea738d6a1a8861e8f9d49a,58.23,Moderate Stability,1.08,2234.66,September 2025,2025-09-01,621
2026-09-05,57.15,Moderate Stability,58.59,Moderate Stability,1.44,2074.97,April 2026,2026-04-01,621,2443.27,2026-06-16,bc66ee94d57cae9f85ea738d6a1a8861e8f9d49a,58.23,Moderate Stability,1.08,2234.66,September 2025,2025-09-01,621
2026-09-12,57.11,Moderate Stability,58.55,Moderate Stability,1.44,2074.97,April 2026,2026-04-01,621,2443.27,2026-06-16,bc66ee94d57cae9f85ea738d6a1a8861e8f9d49a,58.19,Moderate Stability,1.08,2234.66,September 2025,2025-09-01,621
2026-09-19,57.11,Moderate Stability,58.55,Moderate Stability,1.44,2074.97,April 2026,2026-04-01,621,2443.27,2026-06-16,bc66ee94d57cae9f85ea738d6a1a8861e8f9d49a,58.19,Moderate Stability,1.08,2234.66,September 2025,2025-09-01,621
2026-09-25,57.11,Moderate Stability,58.55,Moderate Stability,1.44,2074.97,April 2026,2026-04-01,621,2443.27,2026-06-16,bc66ee94d57cae9f85ea738d6a1a8861e8f9d49a,58.19,Moderate Stability,1.08,2234.66,September 2025,2025-09-01,621
2026-10-02,57.04,Moderate Stability,58.48,Moderate Stability,1.44,2074.97,April 2026,2026-04-01,621,2443.27,2026-06-16,bc66ee94d57cae9f85ea738d6a1a8861e8f9d49a,58.13,Moderate Stability,1.09,2234.66,September 2025,2025-09-01,621
