rtci_month,rtci_month_start,crime_value,agencies,population_weighted,score,band,difference,basket_publication,locked_index
September 2024,2024-09-01,2481.82,621,2927.64,57.58,Moderate Stability,0.54,2026-10-02,57.04
October 2024,2024-10-01,2467.79,621,2911.38,57.61,Moderate Stability,0.57,2026-10-02,57.04
November 2024,2024-11-01,2453.24,621,2893.02,57.64,Moderate Stability,0.60,2026-10-02,57.04
December 2024,2024-12-01,2434.44,621,2870.76,57.68,Moderate Stability,0.64,2026-10-02,57.04
January 2025,2025-01-01,2411.36,621,2843.59,57.73,Moderate Stability,0.69,2026-10-02,57.04
February 2025,2025-02-01,2379.13,621,2808.46,57.81,Moderate Stability,0.77,2026-10-02,57.04
March 2025,2025-03-01,2363.42,621,2788.47,57.84,Moderate Stability,0.80,2026-10-02,57.04
April 2025,2025-04-01,2345.56,621,2766.48,57.88,Moderate Stability,0.84,2026-10-02,57.04
May 2025,2025-05-01,2325.48,621,2739.65,57.92,Moderate Stability,0.88,2026-10-02,57.04
June 2025,2025-06-01,2304.72,621,2712.74,57.97,Moderate Stability,0.93,2026-10-02,57.04
July 2025,2025-07-01,2282.94,621,2683.81,58.02,Moderate Stability,0.98,2026-10-02,57.04
August 2025,2025-08-01,2258.54,621,2653.74,58.07,Moderate Stability,1.03,2026-10-02,57.04
September 2025,2025-09-01,2234.66,621,2622.84,58.13,Moderate Stability,1.09,2026-10-02,57.04
October 2025,2025-10-01,2206.54,621,2589.25,58.19,Moderate Stability,1.15,2026-10-02,57.04
November 2025,2025-11-01,2178.66,621,2558.78,58.25,Moderate Stability,1.21,2026-10-02,57.04
December 2025,2025-12-01,2150.72,621,2529.18,58.31,Moderate Stability,1.27,2026-10-02,57.04
January 2026,2026-01-01,2130.84,621,2505.88,58.36,Moderate Stability,1.32,2026-10-02,57.04
February 2026,2026-02-01,2116.11,621,2487.12,58.39,Moderate Stability,1.35,2026-10-02,57.04
March 2026,2026-03-01,2096.18,621,2466.07,58.43,Moderate Stability,1.39,2026-10-02,57.04
April 2026,2026-04-01,2074.97,621,2443.27,58.48,Moderate Stability,1.44,2026-10-02,57.04
