date,published_index,published_band,hud_value,hud_index,hud_difference,hud_band,edelman_value,edelman_index,edelman_difference,edelman_band,same_homelessness,same_trust,same_index,same_difference,same_band,pew_value,pew_index,pew_difference,pew_band,gallup_value,gallup_held_published,gallup_index,gallup_difference,gallup_band
2026-04-21,57.03,Moderate Stability,0.23,57.03,0.00,Moderate Stability,39.00,56.62,-0.41,Moderate Stability,0.23,39.00,56.62,-0.41,Moderate Stability,17.00,52.03,-5.00,Low Stability,41.00,true,57.03,0.00,Moderate Stability
2026-04-25,57.03,Moderate Stability,0.23,57.03,0.00,Moderate Stability,39.00,56.62,-0.41,Moderate Stability,0.23,39.00,56.62,-0.41,Moderate Stability,17.00,52.03,-5.00,Low Stability,41.00,true,57.03,0.00,Moderate Stability
2026-05-01,57.03,Moderate Stability,0.23,57.03,0.00,Moderate Stability,39.00,56.62,-0.41,Moderate Stability,0.23,39.00,56.62,-0.41,Moderate Stability,17.00,52.03,-5.00,Low Stability,41.00,true,57.03,0.00,Moderate Stability
2026-05-08,57.03,Moderate Stability,0.23,57.03,0.00,Moderate Stability,39.00,56.62,-0.41,Moderate Stability,0.23,39.00,56.62,-0.41,Moderate Stability,17.00,52.03,-5.00,Low Stability,41.00,true,57.03,0.00,Moderate Stability
2026-05-15,56.62,Moderate Stability,0.23,56.62,0.00,Moderate Stability,39.00,56.20,-0.42,Moderate Stability,0.23,39.00,56.20,-0.42,Moderate Stability,17.00,51.62,-5.00,Low Stability,41.00,true,56.62,0.00,Moderate Stability
2026-05-22,56.62,Moderate Stability,0.23,56.62,0.00,Moderate Stability,39.00,56.20,-0.42,Moderate Stability,0.23,39.00,56.20,-0.42,Moderate Stability,17.00,51.62,-5.00,Low Stability,41.00,true,56.62,0.00,Moderate Stability
2026-05-29,56.62,Moderate Stability,0.22,56.87,0.25,Moderate Stability,39.00,56.20,-0.42,Moderate Stability,0.22,39.00,56.45,-0.17,Moderate Stability,17.00,51.62,-5.00,Low Stability,41.00,true,56.62,0.00,Moderate Stability
2026-06-05,56.62,Moderate Stability,0.22,56.87,0.25,Moderate Stability,39.00,56.20,-0.42,Moderate Stability,0.22,39.00,56.45,-0.17,Moderate Stability,17.00,51.62,-5.00,Low Stability,41.00,true,56.62,0.00,Moderate Stability
2026-06-12,56.30,Moderate Stability,0.22,56.55,0.25,Moderate Stability,39.00,55.88,-0.42,Moderate Stability,0.22,39.00,56.13,-0.17,Moderate Stability,17.00,51.30,-5.00,Low Stability,41.00,true,56.30,0.00,Moderate Stability
2026-06-19,56.28,Moderate Stability,0.22,56.53,0.25,Moderate Stability,39.00,55.87,-0.41,Moderate Stability,0.22,39.00,56.12,-0.16,Moderate Stability,17.00,51.28,-5.00,Low Stability,41.00,true,56.28,0.00,Moderate Stability
2026-06-26,56.30,Moderate Stability,0.22,56.55,0.25,Moderate Stability,39.00,55.88,-0.42,Moderate Stability,0.22,39.00,56.13,-0.17,Moderate Stability,17.00,51.30,-5.00,Low Stability,41.00,true,56.30,0.00,Moderate Stability
2026-07-03,56.36,Moderate Stability,0.22,56.61,0.25,Moderate Stability,39.00,55.95,-0.41,Moderate Stability,0.22,39.00,56.20,-0.16,Moderate Stability,17.00,51.36,-5.00,Low Stability,41.00,true,56.36,0.00,Moderate Stability
2026-07-10,56.36,Moderate Stability,0.22,56.61,0.25,Moderate Stability,39.00,55.95,-0.41,Moderate Stability,0.22,39.00,56.20,-0.16,Moderate Stability,17.00,51.36,-5.00,Low Stability,41.00,true,56.36,0.00,Moderate Stability
2026-07-17,56.95,Moderate Stability,0.22,57.20,0.25,Moderate Stability,39.00,56.53,-0.42,Moderate Stability,0.22,39.00,56.78,-0.17,Moderate Stability,17.00,51.95,-5.00,Low Stability,27.00,false,54.03,-2.92,Low Stability
2026-07-24,56.95,Moderate Stability,0.22,57.20,0.25,Moderate Stability,39.00,56.53,-0.42,Moderate Stability,0.22,39.00,56.78,-0.17,Moderate Stability,17.00,51.95,-5.00,Low Stability,27.00,false,54.03,-2.92,Low Stability
2026-08-01,56.95,Moderate Stability,0.22,57.20,0.25,Moderate Stability,39.00,56.53,-0.42,Moderate Stability,0.22,39.00,56.78,-0.17,Moderate Stability,17.00,51.95,-5.00,Low Stability,27.00,false,54.03,-2.92,Low Stability
2026-08-07,57.02,Moderate Stability,0.22,57.27,0.25,Moderate Stability,39.00,56.60,-0.42,Moderate Stability,0.22,39.00,56.85,-0.17,Moderate Stability,17.00,52.02,-5.00,Low Stability,27.00,false,54.10,-2.92,Low Stability
2026-08-14,57.15,Moderate Stability,0.22,57.40,0.25,Moderate Stability,39.00,56.73,-0.42,Moderate Stability,0.22,39.00,56.98,-0.17,Moderate Stability,17.00,52.15,-5.00,Low Stability,27.00,false,54.23,-2.92,Low Stability
2026-08-21,57.15,Moderate Stability,0.22,57.40,0.25,Moderate Stability,39.00,56.73,-0.42,Moderate Stability,0.22,39.00,56.98,-0.17,Moderate Stability,17.00,52.15,-5.00,Low Stability,27.00,false,54.23,-2.92,Low Stability
2026-08-29,57.15,Moderate Stability,0.22,57.40,0.25,Moderate Stability,39.00,56.73,-0.42,Moderate Stability,0.22,39.00,56.98,-0.17,Moderate Stability,17.00,52.15,-5.00,Low Stability,27.00,false,54.23,-2.92,Low Stability
2026-09-05,57.15,Moderate Stability,0.22,57.40,0.25,Moderate Stability,39.00,56.73,-0.42,Moderate Stability,0.22,39.00,56.98,-0.17,Moderate Stability,17.00,52.15,-5.00,Low Stability,27.00,false,54.23,-2.92,Low Stability
2026-09-12,57.11,Moderate Stability,0.22,57.36,0.25,Moderate Stability,39.00,56.69,-0.42,Moderate Stability,0.22,39.00,56.94,-0.17,Moderate Stability,17.00,52.11,-5.00,Low Stability,27.00,false,54.19,-2.92,Low Stability
2026-09-19,57.11,Moderate Stability,0.22,57.36,0.25,Moderate Stability,39.00,56.69,-0.42,Moderate Stability,0.22,39.00,56.94,-0.17,Moderate Stability,17.00,52.11,-5.00,Low Stability,27.00,false,54.19,-2.92,Low Stability
2026-09-25,57.11,Moderate Stability,0.22,57.36,0.25,Moderate Stability,39.00,56.69,-0.42,Moderate Stability,0.22,39.00,56.94,-0.17,Moderate Stability,17.00,52.11,-5.00,Low Stability,27.00,false,54.19,-2.92,Low Stability
2026-10-02,57.04,Moderate Stability,0.22,57.29,0.25,Moderate Stability,39.00,56.62,-0.42,Moderate Stability,0.22,39.00,56.87,-0.17,Moderate Stability,17.00,52.04,-5.00,Low Stability,27.00,false,54.12,-2.92,Low Stability
2026-10-09,57.66,Moderate Stability,0.22,57.91,0.25,Moderate Stability,39.00,57.25,-0.41,Moderate Stability,0.22,39.00,57.50,-0.16,Moderate Stability,17.00,52.66,-5.00,Low Stability,27.00,false,54.75,-2.91,Low Stability
