date,window,candidate_label,methodology_reference,data_pull_date,v1_level_source,v1_partial_index,v1_partial_band,v1_held_index,v1_held_band,v1_held_without_debt_index,v1_held_without_debt_band,v1_held_without_homelessness_index,v1_held_without_homelessness_band,v1_held_without_trust_index,v1_held_without_trust_band,v1_partial_without_debt_index,v1_partial_without_debt_band,v1_inflation_rate,v1_unemployment_rate,v1_debt_to_gdp_ratio,v1_debt_status,v2_index,v2_band,v2_weight_denominator,v2_inputs_present,v2_inputs_excluded,v2_inflation_rate,v2_inflation_normalized,v2_food_cpi_yoy,v2_food_normalized,v2_labor_utilization,v2_labor_normalized,v2_prime_age_epop,v2_prime_age_lfpr,v2_vix_month_mean,v2_vix_normalized,v2_vix_month_max,v2_incident_rate,v2_incident_normalized,v2_incident_status,v2_incident_agencies,v2_incident_population_weighted,v2_without_crime_index,v2_without_crime_band,v2_if_unrate_index,v2_if_unrate_band,v2_if_epop_only_index,v2_if_epop_only_band,v2_if_debt_included_index,v2_if_debt_included_band,v2_if_crime_held_index,v2_if_crime_held_band,score_note
2007-12-01,2008,v2_candidate_hypothesis_h2,1.0.0,2026-09-26,locked_fred_fixture_2026-09-23,62.49,Moderate Stability,60.87,Moderate Stability,59.31,Moderate Stability,61.85,Moderate Stability,62.79,Moderate Stability,59.76,Moderate Stability,4.108813392417527,5,62.71924,carried_forward,69.75,Moderate Stability,0.80,inflation_rate|food_cpi_yoy|labor_utilization|vix_month_mean,incident_rate,4.108813392417527,43.56,4.9,59.41,80.72,87.20,79.7,83.1,21.65,78.82,24.52,,,excluded,,,69.75,Moderate Stability,67.05,Moderate Stability,68.39,Moderate Stability,69.61,Moderate Stability,69.87,Moderate Stability,"Hypothesis h2 replay for methodology v2.0 planning. Trial weights and ranges are not a contract. v1 columns are compute_index (methodology 1.0.0). v2 columns are not the published BugOut Index and are not inputs to the weekly job. h1 was the prior labeled basket (food 0–10, labor 70–83, weights 0.22/0.14/0.28/0.18/0.18)."
2008-01-01,2008,v2_candidate_hypothesis_h2,1.0.0,2026-09-26,locked_fred_fixture_2026-09-23,61.98,Moderate Stability,60.59,Moderate Stability,59.13,Moderate Stability,61.53,Moderate Stability,62.46,Moderate Stability,59.35,Moderate Stability,4.29469565516597,5,64.17278,observed,69.06,Moderate Stability,0.80,inflation_rate|food_cpi_yoy|labor_utilization|vix_month_mean,incident_rate,4.29469565516597,42.82,4.9,59.41,80.99,89.90,80,83.3,25.82,71.24,31.01,,,excluded,,,69.06,Moderate Stability,65.35,Moderate Stability,67.49,Moderate Stability,68.91,Moderate Stability,69.32,Moderate Stability,"Hypothesis h2 replay for methodology v2.0 planning. Trial weights and ranges are not a contract. v1 columns are compute_index (methodology 1.0.0). v2 columns are not the published BugOut Index and are not inputs to the weekly job. h1 was the prior labeled basket (food 0–10, labor 70–83, weights 0.22/0.14/0.28/0.18/0.18)."
2008-02-01,2008,v2_candidate_hypothesis_h2,1.0.0,2026-09-26,locked_fred_fixture_2026-09-23,62.34,Moderate Stability,60.78,Moderate Stability,59.36,Moderate Stability,61.75,Moderate Stability,62.69,Moderate Stability,59.86,Moderate Stability,4.142959270611976,4.9,64.17278,carried_forward,69.28,Moderate Stability,0.80,inflation_rate|food_cpi_yoy|labor_utilization|vix_month_mean,incident_rate,4.142959270611976,43.43,4.6,61.18,80.89,88.90,79.9,83.2,25.46,71.90,28.97,,,excluded,,,69.28,Moderate Stability,66.09,Moderate Stability,67.82,Moderate Stability,69.10,Moderate Stability,69.50,Moderate Stability,"Hypothesis h2 replay for methodology v2.0 planning. Trial weights and ranges are not a contract. v1 columns are compute_index (methodology 1.0.0). v2 columns are not the published BugOut Index and are not inputs to the weekly job. h1 was the prior labeled basket (food 0–10, labor 70–83, weights 0.22/0.14/0.28/0.18/0.18)."
2008-03-01,2008,v2_candidate_hypothesis_h2,1.0.0,2026-09-26,locked_fred_fixture_2026-09-23,62.35,Moderate Stability,60.79,Moderate Stability,59.37,Moderate Stability,61.76,Moderate Stability,62.70,Moderate Stability,59.88,Moderate Stability,3.974903550134443,5.1,64.17278,carried_forward,68.80,Moderate Stability,0.80,inflation_rate|food_cpi_yoy|labor_utilization|vix_month_mean,incident_rate,3.974903550134443,44.10,4.5,61.76,80.85,88.50,79.8,83.3,27.10,68.90,32.24,,,excluded,,,68.80,Moderate Stability,65.46,Moderate Stability,67.22,Moderate Stability,68.69,Moderate Stability,69.11,Moderate Stability,"Hypothesis h2 replay for methodology v2.0 planning. Trial weights and ranges are not a contract. v1 columns are compute_index (methodology 1.0.0). v2 columns are not the published BugOut Index and are not inputs to the weekly job. h1 was the prior labeled basket (food 0–10, labor 70–83, weights 0.22/0.14/0.28/0.18/0.18)."
2008-04-01,2008,v2_candidate_hypothesis_h2,1.0.0,2026-09-26,locked_fred_fixture_2026-09-23,62.63,Moderate Stability,60.94,Moderate Stability,59.52,Moderate Stability,61.94,Moderate Stability,62.88,Moderate Stability,60.21,Moderate Stability,3.903760975988816,5,63.85172,observed,69.52,Moderate Stability,0.80,inflation_rate|food_cpi_yoy|labor_utilization|vix_month_mean,incident_rate,3.903760975988816,44.38,5.1,58.24,80.65,86.50,79.6,83.1,21.56,78.98,23.82,,,excluded,,,69.52,Moderate Stability,67.08,Moderate Stability,68.15,Moderate Stability,69.33,Moderate Stability,69.69,Moderate Stability,"Hypothesis h2 replay for methodology v2.0 planning. Trial weights and ranges are not a contract. v1 columns are compute_index (methodology 1.0.0). v2 columns are not the published BugOut Index and are not inputs to the weekly job. h1 was the prior labeled basket (food 0–10, labor 70–83, weights 0.22/0.14/0.28/0.18/0.18)."
2008-05-01,2008,v2_candidate_hypothesis_h2,1.0.0,2026-09-26,locked_fred_fixture_2026-09-23,61.86,Moderate Stability,60.52,Moderate Stability,59.01,Moderate Stability,61.46,Moderate Stability,62.38,Moderate Stability,59.09,Moderate Stability,4.088413823123989,5.4,63.85172,carried_forward,70.26,High Stability,0.80,inflation_rate|food_cpi_yoy|labor_utilization|vix_month_mean,incident_rate,4.088413823123989,43.65,5.1,58.24,80.58,85.80,79.5,83.1,18.30,84.90,19.73,,,excluded,,,70.26,High Stability,67.48,Moderate Stability,68.89,Moderate Stability,69.97,Moderate Stability,70.28,High Stability,"Hypothesis h2 replay for methodology v2.0 planning. Trial weights and ranges are not a contract. v1 columns are compute_index (methodology 1.0.0). v2 columns are not the published BugOut Index and are not inputs to the weekly job. h1 was the prior labeled basket (food 0–10, labor 70–83, weights 0.22/0.14/0.28/0.18/0.18)."
2008-06-01,2008,v2_candidate_hypothesis_h2,1.0.0,2026-09-26,locked_fred_fixture_2026-09-23,60.31,Moderate Stability,59.68,Moderate Stability,58.01,Moderate Stability,60.50,Moderate Stability,61.37,Moderate Stability,56.85,Moderate Stability,4.935966105947858,5.6,63.85172,carried_forward,67.56,Moderate Stability,0.80,inflation_rate|food_cpi_yoy|labor_utilization|vix_month_mean,incident_rate,4.935966105947858,40.26,5.3,57.06,80.51,85.10,79.4,83.1,22.11,77.98,24.12,,,excluded,,,67.56,Moderate Stability,64.75,Moderate Stability,66.18,Moderate Stability,67.63,Moderate Stability,68.12,Moderate Stability,"Hypothesis h2 replay for methodology v2.0 planning. Trial weights and ranges are not a contract. v1 columns are compute_index (methodology 1.0.0). v2 columns are not the published BugOut Index and are not inputs to the weekly job. h1 was the prior labeled basket (food 0–10, labor 70–83, weights 0.22/0.14/0.28/0.18/0.18)."
2008-07-01,2008,v2_candidate_hypothesis_h2,1.0.0,2026-09-26,locked_fred_fixture_2026-09-23,58.67,Moderate Stability,58.80,Moderate Stability,57.28,Moderate Stability,59.48,Moderate Stability,60.31,Moderate Stability,55.25,Moderate Stability,5.497512078341826,5.8,67.28455,observed,64.95,Moderate Stability,0.80,inflation_rate|food_cpi_yoy|labor_utilization|vix_month_mean,incident_rate,5.497512078341826,38.01,6.0,52.94,80.37,83.70,79.2,83.1,24.32,73.96,28.54,,,excluded,,,64.95,Moderate Stability,62.36,Moderate Stability,63.56,Moderate Stability,65.13,Moderate Stability,66.03,Moderate Stability,"Hypothesis h2 replay for methodology v2.0 planning. Trial weights and ranges are not a contract. v1 columns are compute_index (methodology 1.0.0). v2 columns are not the published BugOut Index and are not inputs to the weekly job. h1 was the prior labeled basket (food 0–10, labor 70–83, weights 0.22/0.14/0.28/0.18/0.18)."
2008-08-01,2008,v2_candidate_hypothesis_h2,1.0.0,2026-09-26,locked_fred_fixture_2026-09-23,58.59,Moderate Stability,58.75,Moderate Stability,57.23,Moderate Stability,59.43,Moderate Stability,60.26,Moderate Stability,55.14,Moderate Stability,5.308017162091231,6.1,67.28455,carried_forward,65.41,Moderate Stability,0.80,inflation_rate|food_cpi_yoy|labor_utilization|vix_month_mean,incident_rate,5.308017162091231,38.77,6.1,52.35,80.12,81.20,78.8,83.2,20.70,80.55,23.49,,,excluded,,,65.41,Moderate Stability,63.31,Moderate Stability,63.89,Moderate Stability,65.54,Moderate Stability,66.40,Moderate Stability,"Hypothesis h2 replay for methodology v2.0 planning. Trial weights and ranges are not a contract. v1 columns are compute_index (methodology 1.0.0). v2 columns are not the published BugOut Index and are not inputs to the weekly job. h1 was the prior labeled basket (food 0–10, labor 70–83, weights 0.22/0.14/0.28/0.18/0.18)."
2008-09-01,2008,v2_candidate_hypothesis_h2,1.0.0,2026-09-26,locked_fred_fixture_2026-09-23,59.14,Moderate Stability,59.05,Moderate Stability,57.59,Moderate Stability,59.77,Moderate Stability,60.61,Moderate Stability,55.93,Moderate Stability,4.953319875136067,6.1,67.28455,carried_forward,62.08,Moderate Stability,0.80,inflation_rate|food_cpi_yoy|labor_utilization|vix_month_mean,incident_rate,4.953319875136067,40.19,6.2,51.76,80.09,80.90,78.8,83.1,30.24,63.20,46.72,,,excluded,,,62.08,Moderate Stability,60.10,Moderate Stability,60.67,Moderate Stability,62.64,Moderate Stability,63.74,Moderate Stability,"Hypothesis h2 replay for methodology v2.0 planning. Trial weights and ranges are not a contract. v1 columns are compute_index (methodology 1.0.0). v2 columns are not the published BugOut Index and are not inputs to the weekly job. h1 was the prior labeled basket (food 0–10, labor 70–83, weights 0.22/0.14/0.28/0.18/0.18)."
2008-10-01,2008,v2_candidate_hypothesis_h2,1.0.0,2026-09-26,locked_fred_fixture_2026-09-23,59.61,Moderate Stability,59.31,Moderate Stability,58.49,Moderate Stability,60.06,Moderate Stability,60.92,Moderate Stability,57.93,Moderate Stability,3.7310578899565026,6.5,73.24515,observed,50.79,Low Stability,0.80,inflation_rate|food_cpi_yoy|labor_utilization|vix_month_mean,incident_rate,3.7310578899565026,45.08,6.3,51.18,79.78,77.80,78.4,83,61.18,6.95,80.06,,,excluded,,,50.79,Low Stability,49.36,Low Stability,49.47,Low Stability,52.43,Low Stability,54.70,Low Stability,"Hypothesis h2 replay for methodology v2.0 planning. Trial weights and ranges are not a contract. v1 columns are compute_index (methodology 1.0.0). v2 columns are not the published BugOut Index and are not inputs to the weekly job. h1 was the prior labeled basket (food 0–10, labor 70–83, weights 0.22/0.14/0.28/0.18/0.18)."
2008-11-01,2008,v2_candidate_hypothesis_h2,1.0.0,2026-09-26,locked_fred_fixture_2026-09-23,63.29,Moderate Stability,61.30,Moderate Stability,60.88,Moderate Stability,62.34,Moderate Stability,63.31,Moderate Stability,63.24,Moderate Stability,1.0999174706166883,6.8,73.24515,carried_forward,52.40,Low Stability,0.80,inflation_rate|food_cpi_yoy|labor_utilization|vix_month_mean,incident_rate,1.0999174706166883,55.60,6.0,52.94,79.57,75.70,78.1,83,62.67,4.24,80.86,,,excluded,,,52.40,Low Stability,51.31,Low Stability,51.07,Low Stability,53.83,Low Stability,55.99,Moderate Stability,"Hypothesis h2 replay for methodology v2.0 planning. Trial weights and ranges are not a contract. v1 columns are compute_index (methodology 1.0.0). v2 columns are not the published BugOut Index and are not inputs to the weekly job. h1 was the prior labeled basket (food 0–10, labor 70–83, weights 0.22/0.14/0.28/0.18/0.18)."
2008-12-01,2008,v2_candidate_hypothesis_h2,1.0.0,2026-09-26,locked_fred_fixture_2026-09-23,64.40,Moderate Stability,61.90,Moderate Stability,61.60,Moderate Stability,63.03,Moderate Stability,64.03,Moderate Stability,64.85,Moderate Stability,-0.022228002553854216,7.3,73.24515,carried_forward,55.82,Moderate Stability,0.80,inflation_rate|food_cpi_yoy|labor_utilization|vix_month_mean,incident_rate,-0.022228002553854216,60.09,5.9,53.53,79.16,71.60,77.6,82.8,52.41,22.90,68.51,,,excluded,,,55.82,Moderate Stability,55.52,Moderate Stability,54.68,Low Stability,56.81,Moderate Stability,58.73,Moderate Stability,"Hypothesis h2 replay for methodology v2.0 planning. Trial weights and ranges are not a contract. v1 columns are compute_index (methodology 1.0.0). v2 columns are not the published BugOut Index and are not inputs to the weekly job. h1 was the prior labeled basket (food 0–10, labor 70–83, weights 0.22/0.14/0.28/0.18/0.18)."
2009-01-01,2008,v2_candidate_hypothesis_h2,1.0.0,2026-09-26,locked_fred_fixture_2026-09-23,63.33,Moderate Stability,61.32,Moderate Stability,61.30,Moderate Stability,62.37,Moderate Stability,63.34,Moderate Stability,64.16,Moderate Stability,-0.11358601902212988,7.8,77.10496,observed,57.76,Moderate Stability,0.80,inflation_rate|food_cpi_yoy|labor_utilization|vix_month_mean,incident_rate,-0.11358601902212988,60.45,5.3,57.06,78.74,67.40,77,82.8,44.68,36.94,56.65,,,excluded,,,57.76,Moderate Stability,58.29,Moderate Stability,56.59,Moderate Stability,58.24,Moderate Stability,60.28,Moderate Stability,"Hypothesis h2 replay for methodology v2.0 planning. Trial weights and ranges are not a contract. v1 columns are compute_index (methodology 1.0.0). v2 columns are not the published BugOut Index and are not inputs to the weekly job. h1 was the prior labeled basket (food 0–10, labor 70–83, weights 0.22/0.14/0.28/0.18/0.18)."
2009-02-01,2008,v2_candidate_hypothesis_h2,1.0.0,2026-09-26,locked_fred_fixture_2026-09-23,62.52,Moderate Stability,60.89,Moderate Stability,60.77,Moderate Stability,61.87,Moderate Stability,62.81,Moderate Stability,63.00,Moderate Stability,0.008463140671503515,8.3,77.10496,carried_forward,57.04,Moderate Stability,0.80,inflation_rate|food_cpi_yoy|labor_utilization|vix_month_mean,incident_rate,0.008463140671503515,59.97,4.8,60.00,78.53,65.30,76.7,82.8,45.57,35.33,52.62,,,excluded,,,57.04,Moderate Stability,57.61,Moderate Stability,55.86,Moderate Stability,57.62,Moderate Stability,59.71,Moderate Stability,"Hypothesis h2 replay for methodology v2.0 planning. Trial weights and ranges are not a contract. v1 columns are compute_index (methodology 1.0.0). v2 columns are not the published BugOut Index and are not inputs to the weekly job. h1 was the prior labeled basket (food 0–10, labor 70–83, weights 0.22/0.14/0.28/0.18/0.18)."
2009-03-01,2008,v2_candidate_hypothesis_h2,1.0.0,2026-09-26,locked_fred_fixture_2026-09-23,62.73,Moderate Stability,61.00,Moderate Stability,60.91,Moderate Stability,62.00,Moderate Stability,62.95,Moderate Stability,63.30,Moderate Stability,-0.44647876766238287,8.7,77.10496,carried_forward,56.66,Moderate Stability,0.80,inflation_rate|food_cpi_yoy|labor_utilization|vix_month_mean,incident_rate,-0.44647876766238287,61.79,4.4,62.35,78.12,61.20,76.2,82.6,44.80,36.74,52.65,,,excluded,,,56.66,Moderate Stability,58.16,Moderate Stability,55.67,Moderate Stability,57.28,Moderate Stability,59.40,Moderate Stability,"Hypothesis h2 replay for methodology v2.0 planning. Trial weights and ranges are not a contract. v1 columns are compute_index (methodology 1.0.0). v2 columns are not the published BugOut Index and are not inputs to the weekly job. h1 was the prior labeled basket (food 0–10, labor 70–83, weights 0.22/0.14/0.28/0.18/0.18)."
2009-04-01,2008,v2_candidate_hypothesis_h2,1.0.0,2026-09-26,locked_fred_fixture_2026-09-23,62.07,Moderate Stability,60.64,Moderate Stability,60.80,Moderate Stability,61.59,Moderate Stability,62.52,Moderate Stability,63.06,Moderate Stability,-0.5763244243767021,9,80.28013,observed,60.59,Moderate Stability,0.80,inflation_rate|food_cpi_yoy|labor_utilization|vix_month_mean,incident_rate,-0.5763244243767021,62.31,3.3,68.82,78.18,61.80,76.2,82.8,38.06,48.97,42.28,,,excluded,,,60.59,Moderate Stability,61.42,Moderate Stability,59.38,Moderate Stability,60.50,Moderate Stability,62.54,Moderate Stability,"Hypothesis h2 replay for methodology v2.0 planning. Trial weights and ranges are not a contract. v1 columns are compute_index (methodology 1.0.0). v2 columns are not the published BugOut Index and are not inputs to the weekly job. h1 was the prior labeled basket (food 0–10, labor 70–83, weights 0.22/0.14/0.28/0.18/0.18)."
2009-05-01,2008,v2_candidate_hypothesis_h2,1.0.0,2026-09-26,locked_fred_fixture_2026-09-23,62.26,Moderate Stability,60.74,Moderate Stability,60.92,Moderate Stability,61.70,Moderate Stability,62.64,Moderate Stability,63.32,Moderate Stability,-1.015761495855176,9.4,80.28013,carried_forward,63.19,Moderate Stability,0.80,inflation_rate|food_cpi_yoy|labor_utilization|vix_month_mean,incident_rate,-1.015761495855176,64.06,2.7,72.35,78.00,60.00,75.9,82.9,31.98,60.04,35.30,,,excluded,,,63.19,Moderate Stability,64.09,Moderate Stability,61.85,Moderate Stability,62.75,Moderate Stability,64.62,Moderate Stability,"Hypothesis h2 replay for methodology v2.0 planning. Trial weights and ranges are not a contract. v1 columns are compute_index (methodology 1.0.0). v2 columns are not the published BugOut Index and are not inputs to the weekly job. h1 was the prior labeled basket (food 0–10, labor 70–83, weights 0.22/0.14/0.28/0.18/0.18)."
2009-06-01,2008,v2_candidate_hypothesis_h2,1.0.0,2026-09-26,locked_fred_fixture_2026-09-23,62.46,Moderate Stability,60.85,Moderate Stability,61.05,Moderate Stability,61.83,Moderate Stability,62.77,Moderate Stability,63.62,Moderate Stability,-1.229174618210915,9.5,80.28013,carried_forward,65.05,Moderate Stability,0.80,inflation_rate|food_cpi_yoy|labor_utilization|vix_month_mean,incident_rate,-1.229174618210915,64.92,2.1,75.88,78.00,60.00,75.9,82.9,29.14,65.20,32.68,,,excluded,,,65.05,Moderate Stability,65.80,Moderate Stability,63.71,Moderate Stability,64.37,Moderate Stability,66.11,Moderate Stability,"Hypothesis h2 replay for methodology v2.0 planning. Trial weights and ranges are not a contract. v1 columns are compute_index (methodology 1.0.0). v2 columns are not the published BugOut Index and are not inputs to the weekly job. h1 was the prior labeled basket (food 0–10, labor 70–83, weights 0.22/0.14/0.28/0.18/0.18)."
2009-07-01,2008,v2_candidate_hypothesis_h2,1.0.0,2026-09-26,locked_fred_fixture_2026-09-23,63.26,Moderate Stability,61.28,Moderate Stability,61.78,Moderate Stability,62.32,Moderate Stability,63.29,Moderate Stability,65.24,Moderate Stability,-1.9587610037622785,9.5,82.42733,observed,67.72,Moderate Stability,0.80,inflation_rate|food_cpi_yoy|labor_utilization|vix_month_mean,incident_rate,-1.9587610037622785,67.84,0.9,82.94,77.90,59.00,75.8,82.8,26.16,70.61,31.30,,,excluded,,,67.72,Moderate Stability,68.85,Moderate Stability,66.49,Moderate Stability,66.56,Moderate Stability,68.25,Moderate Stability,"Hypothesis h2 replay for methodology v2.0 planning. Trial weights and ranges are not a contract. v1 columns are compute_index (methodology 1.0.0). v2 columns are not the published BugOut Index and are not inputs to the weekly job. h1 was the prior labeled basket (food 0–10, labor 70–83, weights 0.22/0.14/0.28/0.18/0.18)."
2009-08-01,2008,v2_candidate_hypothesis_h2,1.0.0,2026-09-26,locked_fred_fixture_2026-09-23,62.40,Moderate Stability,60.82,Moderate Stability,61.23,Moderate Stability,61.79,Moderate Stability,62.73,Moderate Stability,64.01,Moderate Stability,-1.483835566326766,9.6,82.42733,carried_forward,67.54,Moderate Stability,0.80,inflation_rate|food_cpi_yoy|labor_utilization|vix_month_mean,incident_rate,-1.483835566326766,65.94,0.4,85.88,77.76,57.60,75.6,82.8,25.34,72.11,27.89,,,excluded,,,67.54,Moderate Stability,69.04,Moderate Stability,66.29,Moderate Stability,66.39,Moderate Stability,68.10,Moderate Stability,"Hypothesis h2 replay for methodology v2.0 planning. Trial weights and ranges are not a contract. v1 columns are compute_index (methodology 1.0.0). v2 columns are not the published BugOut Index and are not inputs to the weekly job. h1 was the prior labeled basket (food 0–10, labor 70–83, weights 0.22/0.14/0.28/0.18/0.18)."
2009-09-01,2008,v2_candidate_hypothesis_h2,1.0.0,2026-09-26,locked_fred_fixture_2026-09-23,61.99,Moderate Stability,60.60,Moderate Stability,60.96,Moderate Stability,61.54,Moderate Stability,62.47,Moderate Stability,63.42,Moderate Stability,-1.37794286288647,9.8,82.42733,carried_forward,66.55,Moderate Stability,0.80,inflation_rate|food_cpi_yoy|labor_utilization|vix_month_mean,incident_rate,-1.37794286288647,65.51,-0.2,89.41,77.32,53.20,75.1,82.5,24.93,72.86,29.15,,,excluded,,,66.55,Moderate Stability,69.40,Moderate Stability,65.61,Moderate Stability,65.53,Moderate Stability,67.31,Moderate Stability,"Hypothesis h2 replay for methodology v2.0 planning. Trial weights and ranges are not a contract. v1 columns are compute_index (methodology 1.0.0). v2 columns are not the published BugOut Index and are not inputs to the weekly job. h1 was the prior labeled basket (food 0–10, labor 70–83, weights 0.22/0.14/0.28/0.18/0.18)."
2009-10-01,2008,v2_candidate_hypothesis_h2,1.0.0,2026-09-26,locked_fred_fixture_2026-09-23,59.72,Moderate Stability,59.37,Moderate Stability,59.65,Moderate Stability,60.14,Moderate Stability,60.99,Moderate Stability,60.50,Moderate Stability,-0.22396829420033565,10,84.02935,observed,65.79,Moderate Stability,0.80,inflation_rate|food_cpi_yoy|labor_utilization|vix_month_mean,incident_rate,-0.22396829420033565,60.90,-0.6,91.76,77.25,52.50,75,82.5,24.25,74.09,30.69,,,excluded,,,65.79,Moderate Stability,68.60,Moderate Stability,64.85,Moderate Stability,64.77,Moderate Stability,66.70,Moderate Stability,"Hypothesis h2 replay for methodology v2.0 planning. Trial weights and ranges are not a contract. v1 columns are compute_index (methodology 1.0.0). v2 columns are not the published BugOut Index and are not inputs to the weekly job. h1 was the prior labeled basket (food 0–10, labor 70–83, weights 0.22/0.14/0.28/0.18/0.18)."
2009-11-01,2008,v2_candidate_hypothesis_h2,1.0.0,2026-09-26,locked_fred_fixture_2026-09-23,56.56,Moderate Stability,57.65,Moderate Stability,57.59,Moderate Stability,58.18,Moderate Stability,58.93,Moderate Stability,55.92,Moderate Stability,1.9145871744709282,9.9,84.02935,carried_forward,64.33,Moderate Stability,0.80,inflation_rate|food_cpi_yoy|labor_utilization|vix_month_mean,incident_rate,1.9145871744709282,52.34,-0.7,92.35,77.36,53.60,75.2,82.4,23.79,74.93,29.78,,,excluded,,,64.33,Moderate Stability,66.88,Moderate Stability,63.52,Moderate Stability,63.51,Moderate Stability,65.54,Moderate Stability,"Hypothesis h2 replay for methodology v2.0 planning. Trial weights and ranges are not a contract. v1 columns are compute_index (methodology 1.0.0). v2 columns are not the published BugOut Index and are not inputs to the weekly job. h1 was the prior labeled basket (food 0–10, labor 70–83, weights 0.22/0.14/0.28/0.18/0.18)."
2009-12-01,2008,v2_candidate_hypothesis_h2,1.0.0,2026-09-26,locked_fred_fixture_2026-09-23,55.17,Moderate Stability,56.90,Moderate Stability,56.69,Moderate Stability,57.32,Moderate Stability,58.03,Moderate Stability,53.92,Low Stability,2.8141231232083617,9.9,84.02935,carried_forward,62.65,Moderate Stability,0.80,inflation_rate|food_cpi_yoy|labor_utilization|vix_month_mean,incident_rate,2.8141231232083617,48.74,-0.5,91.18,76.96,49.60,74.8,82,21.24,79.56,23.69,,,excluded,,,62.65,Moderate Stability,66.70,Moderate Stability,62.27,Moderate Stability,62.05,Moderate Stability,64.20,Moderate Stability,"Hypothesis h2 replay for methodology v2.0 planning. Trial weights and ranges are not a contract. v1 columns are compute_index (methodology 1.0.0). v2 columns are not the published BugOut Index and are not inputs to the weekly job. h1 was the prior labeled basket (food 0–10, labor 70–83, weights 0.22/0.14/0.28/0.18/0.18)."
2020-01-01,2020,v2_candidate_hypothesis_h2,1.0.0,2026-09-26,locked_fred_fixture_2026-09-23,59.76,Moderate Stability,59.39,Moderate Stability,61.94,Moderate Stability,60.16,Moderate Stability,61.02,Moderate Stability,65.60,Moderate Stability,2.599767976845199,3.6,106.77007,observed,77.91,High Stability,1.00,inflation_rate|food_cpi_yoy|labor_utilization|vix_month_mean|incident_rate,,2.599767976845199,49.60,1.8,77.65,81.35,93.50,80.6,83.1,13.94,92.83,18.84,2667.65,71.10,trial_observed,621,2979.32,79.62,High Stability,75.54,High Stability,76.86,High Stability,74.56,High Stability,77.77,High Stability,"Hypothesis h2 replay for methodology v2.0 planning. Trial weights and ranges are not a contract. v1 columns are compute_index (methodology 1.0.0). v2 columns are not the published BugOut Index and are not inputs to the weekly job. h1 was the prior labeled basket (food 0–10, labor 70–83, weights 0.22/0.14/0.28/0.18/0.18)."
2020-02-01,2020,v2_candidate_hypothesis_h2,1.0.0,2026-09-26,locked_fred_fixture_2026-09-23,60.28,Moderate Stability,59.67,Moderate Stability,62.28,Moderate Stability,60.48,Moderate Stability,61.35,Moderate Stability,66.35,Moderate Stability,2.3413166797595175,3.5,106.77007,carried_forward,75.84,High Stability,1.00,inflation_rate|food_cpi_yoy|labor_utilization|vix_month_mean|incident_rate,,2.3413166797595175,50.63,1.8,77.65,81.15,91.50,80.4,82.9,19.63,82.49,40.11,2678.57,70.95,trial_observed,621,2993.84,77.06,High Stability,74.19,High Stability,74.96,High Stability,72.71,High Stability,75.72,High Stability,"Hypothesis h2 replay for methodology v2.0 planning. Trial weights and ranges are not a contract. v1 columns are compute_index (methodology 1.0.0). v2 columns are not the published BugOut Index and are not inputs to the weekly job. h1 was the prior labeled basket (food 0–10, labor 70–83, weights 0.22/0.14/0.28/0.18/0.18)."
2020-03-01,2020,v2_candidate_hypothesis_h2,1.0.0,2026-09-26,locked_fred_fixture_2026-09-23,60.48,Moderate Stability,59.78,Moderate Stability,62.41,Moderate Stability,60.60,Moderate Stability,61.48,Moderate Stability,66.64,Moderate Stability,1.494039964290925,4.4,106.77007,carried_forward,62.82,Moderate Stability,1.00,inflation_rate|food_cpi_yoy|labor_utilization|vix_month_mean|incident_rate,,1.494039964290925,54.02,1.9,77.06,80.30,83.00,79.4,82.4,57.74,13.21,82.69,2670.58,71.06,trial_observed,621,2985.49,60.76,Moderate Stability,62.64,Moderate Stability,62.35,Moderate Stability,61.08,Moderate Stability,62.68,Moderate Stability,"Hypothesis h2 replay for methodology v2.0 planning. Trial weights and ranges are not a contract. v1 columns are compute_index (methodology 1.0.0). v2 columns are not the published BugOut Index and are not inputs to the weekly job. h1 was the prior labeled basket (food 0–10, labor 70–83, weights 0.22/0.14/0.28/0.18/0.18)."
2020-04-01,2020,v2_candidate_hypothesis_h2,1.0.0,2026-09-26,locked_fred_fixture_2026-09-23,45.51,Low Stability,51.67,Low Stability,55.27,Moderate Stability,51.34,Low Stability,51.75,Low Stability,50.77,Low Stability,0.3130472940411225,14.8,132.66287,observed,44.34,Low Stability,1.00,inflation_rate|food_cpi_yoy|labor_utilization|vix_month_mean|incident_rate,,0.3130472940411225,58.75,3.5,67.65,72.66,6.60,69.6,79.8,41.45,42.81,57.06,2642.84,71.43,trial_observed,621,2955.84,37.56,Critical Instability,54.60,Low Stability,45.78,Low Stability,43.19,Low Stability,44.12,Low Stability,"Hypothesis h2 replay for methodology v2.0 planning. Trial weights and ranges are not a contract. v1 columns are compute_index (methodology 1.0.0). v2 columns are not the published BugOut Index and are not inputs to the weekly job. h1 was the prior labeled basket (food 0–10, labor 70–83, weights 0.22/0.14/0.28/0.18/0.18)."
2020-05-01,2020,v2_candidate_hypothesis_h2,1.0.0,2026-09-26,locked_fred_fixture_2026-09-23,47.65,Low Stability,52.83,Low Stability,56.66,Moderate Stability,52.66,Low Stability,53.15,Low Stability,53.87,Low Stability,0.19820130358485843,13.2,132.66287,carried_forward,51.66,Low Stability,1.00,inflation_rate|food_cpi_yoy|labor_utilization|vix_month_mean|incident_rate,,0.19820130358485843,59.21,4.0,64.71,74.16,21.60,71.4,80.6,30.90,62.01,37.19,2615.61,71.79,trial_observed,621,2924.28,46.63,Low Stability,59.34,Moderate Stability,52.47,Low Stability,49.73,Low Stability,51.37,Low Stability,"Hypothesis h2 replay for methodology v2.0 planning. Trial weights and ranges are not a contract. v1 columns are compute_index (methodology 1.0.0). v2 columns are not the published BugOut Index and are not inputs to the weekly job. h1 was the prior labeled basket (food 0–10, labor 70–83, weights 0.22/0.14/0.28/0.18/0.18)."
2020-06-01,2020,v2_candidate_hypothesis_h2,1.0.0,2026-09-26,locked_fred_fixture_2026-09-23,49.56,Low Stability,53.87,Low Stability,57.91,Moderate Stability,53.85,Low Stability,54.39,Low Stability,56.63,Moderate Stability,0.7166562831830586,11,132.66287,carried_forward,55.93,Moderate Stability,1.00,inflation_rate|food_cpi_yoy|labor_utilization|vix_month_mean|incident_rate,,0.7166562831830586,57.13,4.5,61.76,75.87,38.70,73.5,81.4,31.12,61.60,40.79,2601.94,71.97,trial_observed,621,2907.98,51.92,Low Stability,61.12,Moderate Stability,56.11,Moderate Stability,53.55,Low Stability,55.61,Moderate Stability,"Hypothesis h2 replay for methodology v2.0 planning. Trial weights and ranges are not a contract. v1 columns are compute_index (methodology 1.0.0). v2 columns are not the published BugOut Index and are not inputs to the weekly job. h1 was the prior labeled basket (food 0–10, labor 70–83, weights 0.22/0.14/0.28/0.18/0.18)."
2020-07-01,2020,v2_candidate_hypothesis_h2,1.0.0,2026-09-26,locked_fred_fixture_2026-09-23,51.43,Low Stability,54.88,Low Stability,58.27,Moderate Stability,55.00,Moderate Stability,55.60,Moderate Stability,57.43,Moderate Stability,0.9968647625898089,10.2,124.14692,observed,57.79,Moderate Stability,1.00,inflation_rate|food_cpi_yoy|labor_utilization|vix_month_mean|incident_rate,,0.9968647625898089,56.01,4.1,64.12,76.02,40.20,73.8,81.2,26.84,69.38,32.19,2582.74,72.23,trial_observed,621,2881.92,54.17,Low Stability,63.49,Moderate Stability,58.15,Moderate Stability,55.66,Moderate Stability,57.41,Moderate Stability,"Hypothesis h2 replay for methodology v2.0 planning. Trial weights and ranges are not a contract. v1 columns are compute_index (methodology 1.0.0). v2 columns are not the published BugOut Index and are not inputs to the weekly job. h1 was the prior labeled basket (food 0–10, labor 70–83, weights 0.22/0.14/0.28/0.18/0.18)."
2020-08-01,2020,v2_candidate_hypothesis_h2,1.0.0,2026-09-26,locked_fred_fixture_2026-09-23,53.21,Low Stability,55.84,Moderate Stability,59.42,Moderate Stability,56.10,Moderate Stability,56.76,Moderate Stability,60.00,Moderate Stability,1.281069849552396,8.4,124.14692,carried_forward,61.76,Moderate Stability,1.00,inflation_rate|food_cpi_yoy|labor_utilization|vix_month_mean|incident_rate,,1.281069849552396,54.88,4.1,64.12,77.03,50.30,75.2,81.3,22.89,76.56,26.41,2574.38,72.34,trial_observed,621,2866.21,59.11,Moderate Stability,66.59,Moderate Stability,62.10,Moderate Stability,59.21,Moderate Stability,61.36,Moderate Stability,"Hypothesis h2 replay for methodology v2.0 planning. Trial weights and ranges are not a contract. v1 columns are compute_index (methodology 1.0.0). v2 columns are not the published BugOut Index and are not inputs to the weekly job. h1 was the prior labeled basket (food 0–10, labor 70–83, weights 0.22/0.14/0.28/0.18/0.18)."
2020-09-01,2020,v2_candidate_hypothesis_h2,1.0.0,2026-09-26,locked_fred_fixture_2026-09-23,53.78,Low Stability,56.15,Moderate Stability,59.79,Moderate Stability,56.45,Moderate Stability,57.13,Moderate Stability,60.82,Moderate Stability,1.3910228912373777,7.8,124.14692,carried_forward,59.89,Moderate Stability,1.00,inflation_rate|food_cpi_yoy|labor_utilization|vix_month_mean|incident_rate,,1.3910228912373777,54.44,3.9,65.29,76.84,48.40,75.1,80.9,27.65,67.91,33.60,2570.60,72.39,trial_observed,621,2853.84,56.77,Moderate Stability,66.01,Moderate Stability,60.59,Moderate Stability,57.54,Moderate Stability,59.49,Moderate Stability,"Hypothesis h2 replay for methodology v2.0 planning. Trial weights and ranges are not a contract. v1 columns are compute_index (methodology 1.0.0). v2 columns are not the published BugOut Index and are not inputs to the weekly job. h1 was the prior labeled basket (food 0–10, labor 70–83, weights 0.22/0.14/0.28/0.18/0.18)."
2020-10-01,2020,v2_candidate_hypothesis_h2,1.0.0,2026-09-26,locked_fred_fixture_2026-09-23,54.90,Low Stability,56.76,Moderate Stability,60.67,Moderate Stability,57.15,Moderate Stability,57.86,Moderate Stability,62.78,Moderate Stability,1.2303863428671598,6.9,125.62864,observed,61.96,Moderate Stability,1.00,inflation_rate|food_cpi_yoy|labor_utilization|vix_month_mean|incident_rate,,1.2303863428671598,55.08,3.9,65.29,77.66,56.60,76.1,81.3,29.44,64.66,40.28,2569.56,72.41,trial_observed,621,2848.25,59.35,Moderate Stability,66.70,Moderate Stability,62.34,Moderate Stability,59.31,Moderate Stability,61.55,Moderate Stability,"Hypothesis h2 replay for methodology v2.0 planning. Trial weights and ranges are not a contract. v1 columns are compute_index (methodology 1.0.0). v2 columns are not the published BugOut Index and are not inputs to the weekly job. h1 was the prior labeled basket (food 0–10, labor 70–83, weights 0.22/0.14/0.28/0.18/0.18)."
2020-11-01,2020,v2_candidate_hypothesis_h2,1.0.0,2026-09-26,locked_fred_fixture_2026-09-23,55.23,Moderate Stability,56.94,Moderate Stability,60.89,Moderate Stability,57.36,Moderate Stability,58.07,Moderate Stability,63.25,Moderate Stability,1.1757452138405928,6.7,125.62864,carried_forward,63.19,Moderate Stability,1.00,inflation_rate|food_cpi_yoy|labor_utilization|vix_month_mean|incident_rate,,1.1757452138405928,55.30,3.7,66.47,77.57,55.70,76.1,81,25.00,72.74,37.13,2572.88,72.36,trial_observed,621,2848.41,60.89,Moderate Stability,68.44,Moderate Stability,63.83,Moderate Stability,60.40,Moderate Stability,62.78,Moderate Stability,"Hypothesis h2 replay for methodology v2.0 planning. Trial weights and ranges are not a contract. v1 columns are compute_index (methodology 1.0.0). v2 columns are not the published BugOut Index and are not inputs to the weekly job. h1 was the prior labeled basket (food 0–10, labor 70–83, weights 0.22/0.14/0.28/0.18/0.18)."
2020-12-01,2020,v2_candidate_hypothesis_h2,1.0.0,2026-09-26,locked_fred_fixture_2026-09-23,55.01,Moderate Stability,56.82,Moderate Stability,60.74,Moderate Stability,57.22,Moderate Stability,57.93,Moderate Stability,62.93,Moderate Stability,1.3204191315779377,6.7,125.62864,carried_forward,64.40,Moderate Stability,1.00,inflation_rate|food_cpi_yoy|labor_utilization|vix_month_mean|incident_rate,,1.3204191315779377,54.72,3.9,65.29,77.81,58.10,76.4,81.1,22.37,77.50,25.16,2569.38,72.41,trial_observed,621,2839.83,62.39,Moderate Stability,68.93,Moderate Stability,64.97,Moderate Stability,61.48,Moderate Stability,63.99,Moderate Stability,"Hypothesis h2 replay for methodology v2.0 planning. Trial weights and ranges are not a contract. v1 columns are compute_index (methodology 1.0.0). v2 columns are not the published BugOut Index and are not inputs to the weekly job. h1 was the prior labeled basket (food 0–10, labor 70–83, weights 0.22/0.14/0.28/0.18/0.18)."
2022-01-01,recent,v2_candidate_hypothesis_h2,1.0.0,2026-09-26,bls_pull_2026-09-26_plus_published_debt,53.87,Low Stability,56.66,Moderate Stability,56.66,Moderate Stability,57.13,Moderate Stability,58.02,Moderate Stability,53.87,Low Stability,7.558805726967834,4,,excluded,63.35,Moderate Stability,1.00,inflation_rate|food_cpi_yoy|labor_utilization|vix_month_mean|incident_rate,,7.558805726967834,29.76,7.0,47.06,80.04,80.40,79.2,82,23.18,76.03,31.96,2555.55,72.59,trial_observed,621,2885.39,61.03,Moderate Stability,64.43,Moderate Stability,63.23,Moderate Stability,63.35,Moderate Stability,62.90,Moderate Stability,"Hypothesis h2 replay for methodology v2.0 planning. Trial weights and ranges are not a contract. v1 columns are compute_index (methodology 1.0.0). v2 columns are not the published BugOut Index and are not inputs to the weekly job. h1 was the prior labeled basket (food 0–10, labor 70–83, weights 0.22/0.14/0.28/0.18/0.18)."
2022-02-01,recent,v2_candidate_hypothesis_h2,1.0.0,2026-09-26,bls_pull_2026-09-26_plus_published_debt,53.21,Low Stability,56.36,Moderate Stability,56.36,Moderate Stability,56.78,Moderate Stability,57.64,Moderate Stability,53.21,Low Stability,7.937278766517815,3.9,,excluded,62.32,Moderate Stability,1.00,inflation_rate|food_cpi_yoy|labor_utilization|vix_month_mean|incident_rate,,7.937278766517815,28.25,7.9,41.76,80.31,83.10,79.5,82.2,25.75,71.37,31.02,2573.38,72.35,trial_observed,621,2910.29,59.81,Moderate Stability,62.71,Moderate Stability,62.03,Moderate Stability,62.32,Moderate Stability,61.92,Moderate Stability,"Hypothesis h2 replay for methodology v2.0 planning. Trial weights and ranges are not a contract. v1 columns are compute_index (methodology 1.0.0). v2 columns are not the published BugOut Index and are not inputs to the weekly job. h1 was the prior labeled basket (food 0–10, labor 70–83, weights 0.22/0.14/0.28/0.18/0.18)."
2022-03-01,recent,v2_candidate_hypothesis_h2,1.0.0,2026-09-26,bls_pull_2026-09-26_plus_published_debt,52.15,Low Stability,55.89,Moderate Stability,55.89,Moderate Stability,56.22,Moderate Stability,57.05,Moderate Stability,52.15,Low Stability,8.572204966013853,3.7,,excluded,61.97,Moderate Stability,1.00,inflation_rate|food_cpi_yoy|labor_utilization|vix_month_mean|incident_rate,,8.572204966013853,25.71,8.8,36.47,80.75,87.50,80,82.5,26.97,69.15,36.45,2596.95,72.04,trial_observed,621,2943.12,59.45,Moderate Stability,61.28,Moderate Stability,61.43,Moderate Stability,61.97,Moderate Stability,61.63,Moderate Stability,"Hypothesis h2 replay for methodology v2.0 planning. Trial weights and ranges are not a contract. v1 columns are compute_index (methodology 1.0.0). v2 columns are not the published BugOut Index and are not inputs to the weekly job. h1 was the prior labeled basket (food 0–10, labor 70–83, weights 0.22/0.14/0.28/0.18/0.18)."
2022-04-01,recent,v2_candidate_hypothesis_h2,1.0.0,2026-09-26,bls_pull_2026-09-26_plus_published_debt,52.91,Low Stability,56.23,Moderate Stability,56.23,Moderate Stability,56.62,Moderate Stability,57.48,Moderate Stability,52.91,Low Stability,8.23175077077723,3.7,,excluded,62.13,Moderate Stability,1.00,inflation_rate|food_cpi_yoy|labor_utilization|vix_month_mean|incident_rate,,8.23175077077723,27.07,9.4,32.94,80.65,86.50,79.9,82.4,24.37,73.87,33.52,2624.32,71.68,trial_observed,621,2978.05,59.74,Moderate Stability,61.74,Moderate Stability,61.68,Moderate Stability,62.13,Moderate Stability,61.87,Moderate Stability,"Hypothesis h2 replay for methodology v2.0 planning. Trial weights and ranges are not a contract. v1 columns are compute_index (methodology 1.0.0). v2 columns are not the published BugOut Index and are not inputs to the weekly job. h1 was the prior labeled basket (food 0–10, labor 70–83, weights 0.22/0.14/0.28/0.18/0.18)."
2022-05-01,recent,v2_candidate_hypothesis_h2,1.0.0,2026-09-26,bls_pull_2026-09-26_plus_published_debt,52.40,Low Stability,56.00,Moderate Stability,56.00,Moderate Stability,56.36,Moderate Stability,57.19,Moderate Stability,52.40,Low Stability,8.538171195642057,3.6,,excluded,60.21,Moderate Stability,1.00,inflation_rate|food_cpi_yoy|labor_utilization|vix_month_mean|incident_rate,,8.538171195642057,25.85,10.1,28.82,80.78,87.80,80,82.6,29.31,64.88,34.75,2642.68,71.43,trial_observed,621,3002.04,57.41,Moderate Stability,59.55,Moderate Stability,59.59,Moderate Stability,60.21,Moderate Stability,60.00,Moderate Stability,"Hypothesis h2 replay for methodology v2.0 planning. Trial weights and ranges are not a contract. v1 columns are compute_index (methodology 1.0.0). v2 columns are not the published BugOut Index and are not inputs to the weekly job. h1 was the prior labeled basket (food 0–10, labor 70–83, weights 0.22/0.14/0.28/0.18/0.18)."
2022-06-01,recent,v2_candidate_hypothesis_h2,1.0.0,2026-09-26,bls_pull_2026-09-26_plus_published_debt,51.42,Low Stability,55.56,Moderate Stability,55.56,Moderate Stability,55.84,Moderate Stability,56.64,Moderate Stability,51.42,Low Stability,8.97936110310581,3.6,,excluded,59.19,Moderate Stability,1.00,inflation_rate|food_cpi_yoy|labor_utilization|vix_month_mean|incident_rate,,8.97936110310581,24.08,10.4,27.06,80.55,85.50,79.8,82.3,28.23,66.85,34.02,2659.97,71.20,trial_observed,621,3025.15,56.19,Moderate Stability,59.22,Moderate Stability,58.83,Moderate Stability,59.19,Moderate Stability,59.02,Moderate Stability,"Hypothesis h2 replay for methodology v2.0 planning. Trial weights and ranges are not a contract. v1 columns are compute_index (methodology 1.0.0). v2 columns are not the published BugOut Index and are not inputs to the weekly job. h1 was the prior labeled basket (food 0–10, labor 70–83, weights 0.22/0.14/0.28/0.18/0.18)."
2022-07-01,recent,v2_candidate_hypothesis_h2,1.0.0,2026-09-26,bls_pull_2026-09-26_plus_published_debt,52.75,Low Stability,56.16,Moderate Stability,56.16,Moderate Stability,56.54,Moderate Stability,57.39,Moderate Stability,52.75,Low Stability,8.462576727730106,3.5,,excluded,60.39,Moderate Stability,1.00,inflation_rate|food_cpi_yoy|labor_utilization|vix_month_mean|incident_rate,,8.462576727730106,26.15,10.9,24.12,80.65,86.50,79.9,82.4,25.00,72.74,27.54,2677.08,70.97,trial_observed,621,3049.12,57.74,Moderate Stability,60.24,Moderate Stability,59.94,Moderate Stability,60.39,Moderate Stability,60.27,Moderate Stability,"Hypothesis h2 replay for methodology v2.0 planning. Trial weights and ranges are not a contract. v1 columns are compute_index (methodology 1.0.0). v2 columns are not the published BugOut Index and are not inputs to the weekly job. h1 was the prior labeled basket (food 0–10, labor 70–83, weights 0.22/0.14/0.28/0.18/0.18)."
2022-08-01,recent,v2_candidate_hypothesis_h2,1.0.0,2026-09-26,bls_pull_2026-09-26_plus_published_debt,53.11,Low Stability,56.32,Moderate Stability,56.32,Moderate Stability,56.73,Moderate Stability,57.59,Moderate Stability,53.11,Low Stability,8.222579178218837,3.6,,excluded,61.94,Moderate Stability,1.00,inflation_rate|food_cpi_yoy|labor_utilization|vix_month_mean|incident_rate,,8.222579178218837,27.11,11.4,21.18,80.98,89.80,80.2,82.8,22.17,77.87,26.21,2693.07,70.76,trial_observed,621,3070.98,59.73,Moderate Stability,60.68,Moderate Stability,61.14,Moderate Stability,61.94,Moderate Stability,61.86,Moderate Stability,"Hypothesis h2 replay for methodology v2.0 planning. Trial weights and ranges are not a contract. v1 columns are compute_index (methodology 1.0.0). v2 columns are not the published BugOut Index and are not inputs to the weekly job. h1 was the prior labeled basket (food 0–10, labor 70–83, weights 0.22/0.14/0.28/0.18/0.18)."
2022-09-01,recent,v2_candidate_hypothesis_h2,1.0.0,2026-09-26,bls_pull_2026-09-26_plus_published_debt,53.35,Low Stability,56.43,Moderate Stability,56.43,Moderate Stability,56.86,Moderate Stability,57.72,Moderate Stability,53.35,Low Stability,8.19210689642582,3.5,,excluded,60.44,Moderate Stability,1.00,inflation_rate|food_cpi_yoy|labor_utilization|vix_month_mean|incident_rate,,8.19210689642582,27.23,11.2,22.35,80.92,89.20,80.2,82.6,27.34,68.47,32.60,2694.70,70.74,trial_observed,621,3079.09,57.86,Moderate Stability,59.48,Moderate Stability,59.82,Moderate Stability,60.44,Moderate Stability,60.36,Moderate Stability,"Hypothesis h2 replay for methodology v2.0 planning. Trial weights and ranges are not a contract. v1 columns are compute_index (methodology 1.0.0). v2 columns are not the published BugOut Index and are not inputs to the weekly job. h1 was the prior labeled basket (food 0–10, labor 70–83, weights 0.22/0.14/0.28/0.18/0.18)."
2022-10-01,recent,v2_candidate_hypothesis_h2,1.0.0,2026-09-26,bls_pull_2026-09-26_plus_published_debt,54.14,Low Stability,56.78,Moderate Stability,56.78,Moderate Stability,57.27,Moderate Stability,58.17,Moderate Stability,54.14,Low Stability,7.758813957693,3.6,,excluded,59.64,Moderate Stability,1.00,inflation_rate|food_cpi_yoy|labor_utilization|vix_month_mean|incident_rate,,7.758813957693,28.96,10.9,24.12,80.71,87.10,79.9,82.6,30.01,63.63,33.63,2691.42,70.78,trial_observed,621,3080.56,56.85,Moderate Stability,59.19,Moderate Stability,59.01,Moderate Stability,59.64,Moderate Stability,59.55,Moderate Stability,"Hypothesis h2 replay for methodology v2.0 planning. Trial weights and ranges are not a contract. v1 columns are compute_index (methodology 1.0.0). v2 columns are not the published BugOut Index and are not inputs to the weekly job. h1 was the prior labeled basket (food 0–10, labor 70–83, weights 0.22/0.14/0.28/0.18/0.18)."
2022-11-01,recent,v2_candidate_hypothesis_h2,1.0.0,2026-09-26,bls_pull_2026-09-26_plus_published_debt,55.55,Moderate Stability,57.42,Moderate Stability,57.42,Moderate Stability,58.02,Moderate Stability,58.96,Moderate Stability,55.55,Moderate Stability,7.122856456533983,3.6,,excluded,61.98,Moderate Stability,1.00,inflation_rate|food_cpi_yoy|labor_utilization|vix_month_mean|incident_rate,,7.122856456533983,31.51,10.6,25.88,80.58,85.80,79.8,82.4,23.30,75.82,26.09,2682.61,70.90,trial_observed,621,3075.29,59.75,Moderate Stability,61.92,Moderate Stability,61.52,Moderate Stability,61.98,Moderate Stability,61.87,Moderate Stability,"Hypothesis h2 replay for methodology v2.0 planning. Trial weights and ranges are not a contract. v1 columns are compute_index (methodology 1.0.0). v2 columns are not the published BugOut Index and are not inputs to the weekly job. h1 was the prior labeled basket (food 0–10, labor 70–83, weights 0.22/0.14/0.28/0.18/0.18)."
2022-12-01,recent,v2_candidate_hypothesis_h2,1.0.0,2026-09-26,bls_pull_2026-09-26_plus_published_debt,57.32,Moderate Stability,58.22,Moderate Stability,58.22,Moderate Stability,58.96,Moderate Stability,59.96,Moderate Stability,57.32,Moderate Stability,6.404600402357159,3.5,,excluded,64.20,Moderate Stability,1.00,inflation_rate|food_cpi_yoy|labor_utilization|vix_month_mean|incident_rate,,6.404600402357159,34.38,10.4,27.06,80.92,89.20,80.2,82.6,21.78,78.57,25.00,2671.99,71.04,trial_observed,621,3068.75,62.50,Moderate Stability,63.24,Moderate Stability,63.59,Moderate Stability,64.20,Moderate Stability,64.07,Moderate Stability,"Hypothesis h2 replay for methodology v2.0 planning. Trial weights and ranges are not a contract. v1 columns are compute_index (methodology 1.0.0). v2 columns are not the published BugOut Index and are not inputs to the weekly job. h1 was the prior labeled basket (food 0–10, labor 70–83, weights 0.22/0.14/0.28/0.18/0.18)."
2023-01-01,recent,v2_candidate_hypothesis_h2,1.0.0,2026-09-26,bls_pull_2026-09-26_plus_published_debt,57.50,Moderate Stability,58.29,Moderate Stability,58.29,Moderate Stability,59.05,Moderate Stability,60.06,Moderate Stability,57.50,Moderate Stability,6.3271785179601014,3.5,,excluded,65.27,Moderate Stability,1.00,inflation_rate|food_cpi_yoy|labor_utilization|vix_month_mean|incident_rate,,6.3271785179601014,34.69,10.1,28.82,81.02,90.20,80.3,82.7,20.17,81.51,22.90,2675.94,70.99,trial_observed,621,3076.42,63.84,Moderate Stability,64.01,Moderate Stability,64.57,Moderate Stability,65.27,Moderate Stability,65.15,Moderate Stability,"Hypothesis h2 replay for methodology v2.0 planning. Trial weights and ranges are not a contract. v1 columns are compute_index (methodology 1.0.0). v2 columns are not the published BugOut Index and are not inputs to the weekly job. h1 was the prior labeled basket (food 0–10, labor 70–83, weights 0.22/0.14/0.28/0.18/0.18)."
2023-02-01,recent,v2_candidate_hypothesis_h2,1.0.0,2026-09-26,bls_pull_2026-09-26_plus_published_debt,58.14,Moderate Stability,58.58,Moderate Stability,58.58,Moderate Stability,59.39,Moderate Stability,60.42,Moderate Stability,58.14,Moderate Stability,5.9578207381370785,3.6,,excluded,66.78,Moderate Stability,1.00,inflation_rate|food_cpi_yoy|labor_utilization|vix_month_mean|incident_rate,,5.9578207381370785,36.17,9.5,32.35,81.25,92.50,80.5,83,20.12,81.60,22.87,2670.00,71.07,trial_observed,621,3073.63,65.71,Moderate Stability,64.71,Moderate Stability,65.82,Moderate Stability,66.78,Moderate Stability,66.64,Moderate Stability,"Hypothesis h2 replay for methodology v2.0 planning. Trial weights and ranges are not a contract. v1 columns are compute_index (methodology 1.0.0). v2 columns are not the published BugOut Index and are not inputs to the weekly job. h1 was the prior labeled basket (food 0–10, labor 70–83, weights 0.22/0.14/0.28/0.18/0.18)."
2023-03-01,recent,v2_candidate_hypothesis_h2,1.0.0,2026-09-26,bls_pull_2026-09-26_plus_published_debt,60.63,Moderate Stability,59.70,Moderate Stability,59.70,Moderate Stability,60.71,Moderate Stability,61.82,Moderate Stability,60.63,Moderate Stability,4.917719362889955,3.5,,excluded,68.53,Moderate Stability,1.00,inflation_rate|food_cpi_yoy|labor_utilization|vix_month_mean|incident_rate,,4.917719362889955,40.33,8.5,38.24,81.42,94.20,80.7,83.1,21.64,78.83,26.52,2659.59,71.21,trial_observed,621,3067.33,67.86,Moderate Stability,66.07,Moderate Stability,67.49,Moderate Stability,68.53,Moderate Stability,68.36,Moderate Stability,"Hypothesis h2 replay for methodology v2.0 planning. Trial weights and ranges are not a contract. v1 columns are compute_index (methodology 1.0.0). v2 columns are not the published BugOut Index and are not inputs to the weekly job. h1 was the prior labeled basket (food 0–10, labor 70–83, weights 0.22/0.14/0.28/0.18/0.18)."
2023-04-01,recent,v2_candidate_hypothesis_h2,1.0.0,2026-09-26,bls_pull_2026-09-26_plus_published_debt,60.73,Moderate Stability,59.75,Moderate Stability,59.75,Moderate Stability,60.77,Moderate Stability,61.88,Moderate Stability,60.73,Moderate Stability,4.950079879124361,3.4,,excluded,70.48,High Stability,1.00,inflation_rate|food_cpi_yoy|labor_utilization|vix_month_mean|incident_rate,,4.950079879124361,40.20,7.7,42.94,81.48,94.80,80.7,83.3,17.82,85.79,19.10,2652.01,71.31,trial_observed,621,3064.66,70.27,High Stability,67.96,Moderate Stability,69.25,Moderate Stability,70.48,High Stability,70.29,High Stability,"Hypothesis h2 replay for methodology v2.0 planning. Trial weights and ranges are not a contract. v1 columns are compute_index (methodology 1.0.0). v2 columns are not the published BugOut Index and are not inputs to the weekly job. h1 was the prior labeled basket (food 0–10, labor 70–83, weights 0.22/0.14/0.28/0.18/0.18)."
2023-05-01,recent,v2_candidate_hypothesis_h2,1.0.0,2026-09-26,bls_pull_2026-09-26_plus_published_debt,62.20,Moderate Stability,60.41,Moderate Stability,60.41,Moderate Stability,61.54,Moderate Stability,62.70,Moderate Stability,62.20,Moderate Stability,4.131851231385043,3.6,,excluded,72.10,High Stability,1.00,inflation_rate|food_cpi_yoy|labor_utilization|vix_month_mean|incident_rate,,4.131851231385043,43.47,6.7,48.82,81.51,95.10,80.7,83.4,17.64,86.12,20.09,2650.16,71.33,trial_observed,621,3068.29,72.30,High Stability,69.25,Moderate Stability,70.79,High Stability,72.10,High Stability,71.91,High Stability,"Hypothesis h2 replay for methodology v2.0 planning. Trial weights and ranges are not a contract. v1 columns are compute_index (methodology 1.0.0). v2 columns are not the published BugOut Index and are not inputs to the weekly job. h1 was the prior labeled basket (food 0–10, labor 70–83, weights 0.22/0.14/0.28/0.18/0.18)."
2023-06-01,recent,v2_candidate_hypothesis_h2,1.0.0,2026-09-26,bls_pull_2026-09-26_plus_published_debt,64.55,Moderate Stability,61.47,Moderate Stability,61.47,Moderate Stability,62.79,Moderate Stability,64.03,Moderate Stability,64.55,Moderate Stability,3.0706170729970865,3.6,,excluded,75.14,High Stability,1.00,inflation_rate|food_cpi_yoy|labor_utilization|vix_month_mean|incident_rate,,3.0706170729970865,47.72,5.7,54.71,81.61,96.10,80.8,83.5,14.00,92.72,15.65,2647.74,71.36,trial_observed,621,3070.07,76.08,High Stability,71.99,High Stability,73.74,High Stability,75.14,High Stability,74.94,High Stability,"Hypothesis h2 replay for methodology v2.0 planning. Trial weights and ranges are not a contract. v1 columns are compute_index (methodology 1.0.0). v2 columns are not the published BugOut Index and are not inputs to the weekly job. h1 was the prior labeled basket (food 0–10, labor 70–83, weights 0.22/0.14/0.28/0.18/0.18)."
2023-07-01,recent,v2_candidate_hypothesis_h2,1.0.0,2026-09-26,bls_pull_2026-09-26_plus_published_debt,64.25,Moderate Stability,61.33,Moderate Stability,61.33,Moderate Stability,62.63,Moderate Stability,63.86,Moderate Stability,64.25,Moderate Stability,3.2877492684283056,3.5,,excluded,75.78,High Stability,1.00,inflation_rate|food_cpi_yoy|labor_utilization|vix_month_mean|incident_rate,,3.2877492684283056,46.85,4.9,59.41,81.65,96.50,80.9,83.4,13.93,92.85,15.44,2641.97,71.44,trial_observed,621,3070.57,76.87,High Stability,72.63,High Stability,74.47,High Stability,75.78,High Stability,75.57,High Stability,"Hypothesis h2 replay for methodology v2.0 planning. Trial weights and ranges are not a contract. v1 columns are compute_index (methodology 1.0.0). v2 columns are not the published BugOut Index and are not inputs to the weekly job. h1 was the prior labeled basket (food 0–10, labor 70–83, weights 0.22/0.14/0.28/0.18/0.18)."
2023-08-01,recent,v2_candidate_hypothesis_h2,1.0.0,2026-09-26,bls_pull_2026-09-26_plus_published_debt,62.93,Moderate Stability,60.74,Moderate Stability,60.74,Moderate Stability,61.93,Moderate Stability,63.11,Moderate Stability,62.93,Moderate Stability,3.722504803505293,3.7,,excluded,75.17,High Stability,1.00,inflation_rate|food_cpi_yoy|labor_utilization|vix_month_mean|incident_rate,,3.722504803505293,45.11,4.3,62.94,81.58,95.80,80.8,83.4,15.85,89.36,17.89,2636.39,71.51,trial_observed,621,3069.71,76.09,High Stability,71.99,High Stability,73.86,High Stability,75.17,High Stability,74.94,High Stability,"Hypothesis h2 replay for methodology v2.0 planning. Trial weights and ranges are not a contract. v1 columns are compute_index (methodology 1.0.0). v2 columns are not the published BugOut Index and are not inputs to the weekly job. h1 was the prior labeled basket (food 0–10, labor 70–83, weights 0.22/0.14/0.28/0.18/0.18)."
2023-09-01,recent,v2_candidate_hypothesis_h2,1.0.0,2026-09-26,bls_pull_2026-09-26_plus_published_debt,63.01,Moderate Stability,60.77,Moderate Stability,60.77,Moderate Stability,61.97,Moderate Stability,63.16,Moderate Stability,63.01,Moderate Stability,3.687206638119252,3.7,,excluded,76.00,High Stability,1.00,inflation_rate|food_cpi_yoy|labor_utilization|vix_month_mean|incident_rate,,3.687206638119252,45.25,3.7,66.47,81.61,96.10,80.8,83.5,15.17,90.59,18.94,2629.96,71.60,trial_observed,621,3065.54,77.10,High Stability,72.73,High Stability,74.60,High Stability,76.00,High Stability,75.75,High Stability,"Hypothesis h2 replay for methodology v2.0 planning. Trial weights and ranges are not a contract. v1 columns are compute_index (methodology 1.0.0). v2 columns are not the published BugOut Index and are not inputs to the weekly job. h1 was the prior labeled basket (food 0–10, labor 70–83, weights 0.22/0.14/0.28/0.18/0.18)."
2023-10-01,recent,v2_candidate_hypothesis_h2,1.0.0,2026-09-26,bls_pull_2026-09-26_plus_published_debt,63.62,Moderate Stability,61.05,Moderate Stability,61.05,Moderate Stability,62.29,Moderate Stability,63.50,Moderate Stability,63.62,Moderate Stability,3.2512659098611847,3.9,,excluded,75.31,High Stability,1.00,inflation_rate|food_cpi_yoy|labor_utilization|vix_month_mean|incident_rate,,3.2512659098611847,46.99,3.3,68.82,81.51,95.10,80.7,83.4,18.89,83.84,21.71,2626.12,71.65,trial_observed,621,3064.77,76.22,High Stability,72.10,High Stability,73.99,High Stability,75.31,High Stability,75.05,High Stability,"Hypothesis h2 replay for methodology v2.0 planning. Trial weights and ranges are not a contract. v1 columns are compute_index (methodology 1.0.0). v2 columns are not the published BugOut Index and are not inputs to the weekly job. h1 was the prior labeled basket (food 0–10, labor 70–83, weights 0.22/0.14/0.28/0.18/0.18)."
2023-11-01,recent,v2_candidate_hypothesis_h2,1.0.0,2026-09-26,bls_pull_2026-09-26_plus_published_debt,64.24,Moderate Stability,61.33,Moderate Stability,61.33,Moderate Stability,62.62,Moderate Stability,63.85,Moderate Stability,64.24,Moderate Stability,3.1333462745911866,3.7,,excluded,77.37,High Stability,1.00,inflation_rate|food_cpi_yoy|labor_utilization|vix_month_mean|incident_rate,,3.1333462745911866,47.47,2.9,71.18,81.58,95.80,80.8,83.4,14.02,92.69,16.87,2623.56,71.69,trial_observed,621,3066.04,78.79,High Stability,74.19,High Stability,76.05,High Stability,77.37,High Stability,77.10,High Stability,"Hypothesis h2 replay for methodology v2.0 planning. Trial weights and ranges are not a contract. v1 columns are compute_index (methodology 1.0.0). v2 columns are not the published BugOut Index and are not inputs to the weekly job. h1 was the prior labeled basket (food 0–10, labor 70–83, weights 0.22/0.14/0.28/0.18/0.18)."
2023-12-01,recent,v2_candidate_hypothesis_h2,1.0.0,2026-09-26,bls_pull_2026-09-26_plus_published_debt,63.65,Moderate Stability,61.07,Moderate Stability,61.07,Moderate Stability,62.31,Moderate Stability,63.52,Moderate Stability,63.65,Moderate Stability,3.315909942710283,3.8,,excluded,76.95,High Stability,1.00,inflation_rate|food_cpi_yoy|labor_utilization|vix_month_mean|incident_rate,,3.315909942710283,46.74,2.7,72.35,81.31,93.10,80.5,83.2,12.72,95.06,13.67,2624.48,71.67,trial_observed,621,3067.67,78.27,High Stability,74.46,High Stability,75.81,High Stability,76.95,High Stability,76.69,High Stability,"Hypothesis h2 replay for methodology v2.0 planning. Trial weights and ranges are not a contract. v1 columns are compute_index (methodology 1.0.0). v2 columns are not the published BugOut Index and are not inputs to the weekly job. h1 was the prior labeled basket (food 0–10, labor 70–83, weights 0.22/0.14/0.28/0.18/0.18)."
2024-01-01,recent,v2_candidate_hypothesis_h2,1.0.0,2026-09-26,bls_pull_2026-09-26_plus_published_debt,64.34,Moderate Stability,61.37,Moderate Stability,61.37,Moderate Stability,62.67,Moderate Stability,63.90,Moderate Stability,64.34,Moderate Stability,3.0883429864855745,3.7,,excluded,77.38,High Stability,1.00,inflation_rate|food_cpi_yoy|labor_utilization|vix_month_mean|incident_rate,,3.0883429864855745,47.65,2.6,72.94,81.41,94.10,80.6,83.3,13.39,93.84,14.79,2603.77,71.95,trial_observed,621,3049.02,78.73,High Stability,74.71,High Stability,76.15,High Stability,77.38,High Stability,77.06,High Stability,"Hypothesis h2 replay for methodology v2.0 planning. Trial weights and ranges are not a contract. v1 columns are compute_index (methodology 1.0.0). v2 columns are not the published BugOut Index and are not inputs to the weekly job. h1 was the prior labeled basket (food 0–10, labor 70–83, weights 0.22/0.14/0.28/0.18/0.18)."
2024-02-01,recent,v2_candidate_hypothesis_h2,1.0.0,2026-09-26,bls_pull_2026-09-26_plus_published_debt,63.83,Moderate Stability,61.14,Moderate Stability,61.14,Moderate Stability,62.41,Moderate Stability,63.62,Moderate Stability,63.83,Moderate Stability,3.157074141648697,3.9,,excluded,77.87,High Stability,1.00,inflation_rate|food_cpi_yoy|labor_utilization|vix_month_mean|incident_rate,,3.157074141648697,47.37,2.2,75.29,81.54,95.40,80.7,83.5,13.98,92.76,15.85,2601.05,71.99,trial_observed,621,3047.89,79.35,High Stability,74.57,High Stability,76.47,High Stability,77.87,High Stability,77.55,High Stability,"Hypothesis h2 replay for methodology v2.0 planning. Trial weights and ranges are not a contract. v1 columns are compute_index (methodology 1.0.0). v2 columns are not the published BugOut Index and are not inputs to the weekly job. h1 was the prior labeled basket (food 0–10, labor 70–83, weights 0.22/0.14/0.28/0.18/0.18)."
2024-03-01,recent,v2_candidate_hypothesis_h2,1.0.0,2026-09-26,bls_pull_2026-09-26_plus_published_debt,63.10,Moderate Stability,60.82,Moderate Stability,60.82,Moderate Stability,62.02,Moderate Stability,63.21,Moderate Stability,63.10,Moderate Stability,3.486834912083652,3.9,,excluded,77.61,High Stability,1.00,inflation_rate|food_cpi_yoy|labor_utilization|vix_month_mean|incident_rate,,3.486834912083652,46.05,2.2,75.29,81.51,95.10,80.7,83.4,13.79,93.11,15.22,2587.07,72.17,trial_observed,621,3033.76,78.97,High Stability,74.40,High Stability,76.30,High Stability,77.61,High Stability,77.25,High Stability,"Hypothesis h2 replay for methodology v2.0 planning. Trial weights and ranges are not a contract. v1 columns are compute_index (methodology 1.0.0). v2 columns are not the published BugOut Index and are not inputs to the weekly job. h1 was the prior labeled basket (food 0–10, labor 70–83, weights 0.22/0.14/0.28/0.18/0.18)."
2024-04-01,recent,v2_candidate_hypothesis_h2,1.0.0,2026-09-26,bls_pull_2026-09-26_plus_published_debt,63.38,Moderate Stability,60.94,Moderate Stability,60.94,Moderate Stability,62.17,Moderate Stability,63.36,Moderate Stability,63.38,Moderate Stability,3.3607951262196822,3.9,,excluded,77.37,High Stability,1.00,inflation_rate|food_cpi_yoy|labor_utilization|vix_month_mean|incident_rate,,3.3607951262196822,46.56,2.2,75.29,81.61,96.10,80.8,83.5,16.14,88.84,19.23,2572.10,72.37,trial_observed,621,3019.79,78.62,High Stability,73.86,High Stability,75.97,High Stability,77.37,High Stability,76.97,High Stability,"Hypothesis h2 replay for methodology v2.0 planning. Trial weights and ranges are not a contract. v1 columns are compute_index (methodology 1.0.0). v2 columns are not the published BugOut Index and are not inputs to the weekly job. h1 was the prior labeled basket (food 0–10, labor 70–83, weights 0.22/0.14/0.28/0.18/0.18)."
2024-05-01,recent,v2_candidate_hypothesis_h2,1.0.0,2026-09-26,bls_pull_2026-09-26_plus_published_debt,63.63,Moderate Stability,61.06,Moderate Stability,61.06,Moderate Stability,62.30,Moderate Stability,63.51,Moderate Stability,63.63,Moderate Stability,3.244278584003115,3.9,,excluded,78.58,High Stability,1.00,inflation_rate|food_cpi_yoy|labor_utilization|vix_month_mean|incident_rate,,3.244278584003115,47.02,2.1,75.88,81.64,96.40,80.8,83.6,13.06,94.44,15.39,2554.57,72.61,trial_observed,621,3002.85,80.07,High Stability,74.98,High Stability,77.09,High Stability,78.58,High Stability,78.13,High Stability,"Hypothesis h2 replay for methodology v2.0 planning. Trial weights and ranges are not a contract. v1 columns are compute_index (methodology 1.0.0). v2 columns are not the published BugOut Index and are not inputs to the weekly job. h1 was the prior labeled basket (food 0–10, labor 70–83, weights 0.22/0.14/0.28/0.18/0.18)."
2024-06-01,recent,v2_candidate_hypothesis_h2,1.0.0,2026-09-26,bls_pull_2026-09-26_plus_published_debt,63.89,Moderate Stability,61.17,Moderate Stability,61.17,Moderate Stability,62.44,Moderate Stability,63.65,Moderate Stability,63.89,Moderate Stability,2.9702579486470926,4.1,,excluded,78.77,High Stability,1.00,inflation_rate|food_cpi_yoy|labor_utilization|vix_month_mean|incident_rate,,2.9702579486470926,48.12,2.2,75.29,81.60,96.00,80.7,83.7,12.67,95.15,13.33,2533.51,72.89,trial_observed,621,2984.25,80.24,High Stability,75.05,High Stability,77.18,High Stability,78.77,High Stability,78.26,High Stability,"Hypothesis h2 replay for methodology v2.0 planning. Trial weights and ranges are not a contract. v1 columns are compute_index (methodology 1.0.0). v2 columns are not the published BugOut Index and are not inputs to the weekly job. h1 was the prior labeled basket (food 0–10, labor 70–83, weights 0.22/0.14/0.28/0.18/0.18)."
2024-07-01,recent,v2_candidate_hypothesis_h2,1.0.0,2026-09-26,bls_pull_2026-09-26_plus_published_debt,63.77,Moderate Stability,61.12,Moderate Stability,61.12,Moderate Stability,62.38,Moderate Stability,63.59,Moderate Stability,63.77,Moderate Stability,2.9414757935583116,4.2,,excluded,79.03,High Stability,1.00,inflation_rate|food_cpi_yoy|labor_utilization|vix_month_mean|incident_rate,,2.9414757935583116,48.23,2.2,75.29,81.83,98.30,80.9,84,14.37,92.05,18.46,2514.49,73.14,trial_observed,621,2962.90,80.51,High Stability,74.50,High Stability,77.19,High Stability,79.03,High Stability,78.48,High Stability,"Hypothesis h2 replay for methodology v2.0 planning. Trial weights and ranges are not a contract. v1 columns are compute_index (methodology 1.0.0). v2 columns are not the published BugOut Index and are not inputs to the weekly job. h1 was the prior labeled basket (food 0–10, labor 70–83, weights 0.22/0.14/0.28/0.18/0.18)."
2024-08-01,recent,v2_candidate_hypothesis_h2,1.0.0,2026-09-26,bls_pull_2026-09-26_plus_published_debt,64.52,Moderate Stability,61.45,Moderate Stability,61.45,Moderate Stability,62.77,Moderate Stability,64.01,Moderate Stability,64.52,Moderate Stability,2.6071444906920425,4.2,,excluded,77.91,High Stability,1.00,inflation_rate|food_cpi_yoy|labor_utilization|vix_month_mean|incident_rate,,2.6071444906920425,49.57,2.1,75.88,81.80,98.00,80.9,83.9,19.31,83.07,38.57,2494.51,73.41,trial_observed,621,2940.68,79.04,High Stability,73.47,High Stability,76.15,High Stability,77.91,High Stability,77.30,High Stability,"Hypothesis h2 replay for methodology v2.0 planning. Trial weights and ranges are not a contract. v1 columns are compute_index (methodology 1.0.0). v2 columns are not the published BugOut Index and are not inputs to the weekly job. h1 was the prior labeled basket (food 0–10, labor 70–83, weights 0.22/0.14/0.28/0.18/0.18)."
2024-09-01,recent,v2_candidate_hypothesis_h2,1.0.0,2026-09-26,bls_pull_2026-09-26_plus_published_debt,65.10,Moderate Stability,61.72,Moderate Stability,61.72,Moderate Stability,63.08,Moderate Stability,64.33,Moderate Stability,65.10,Moderate Stability,2.4264830315416814,4.1,,excluded,78.31,High Stability,1.00,inflation_rate|food_cpi_yoy|labor_utilization|vix_month_mean|incident_rate,,2.4264830315416814,50.29,2.3,74.71,81.77,97.70,80.9,83.8,17.66,86.07,22.38,2481.82,73.58,trial_observed,621,2927.64,79.50,High Stability,74.08,High Stability,76.65,High Stability,78.31,High Stability,77.67,High Stability,"Hypothesis h2 replay for methodology v2.0 planning. Trial weights and ranges are not a contract. v1 columns are compute_index (methodology 1.0.0). v2 columns are not the published BugOut Index and are not inputs to the weekly job. h1 was the prior labeled basket (food 0–10, labor 70–83, weights 0.22/0.14/0.28/0.18/0.18)."
2024-10-01,recent,v2_candidate_hypothesis_h2,1.0.0,2026-09-26,bls_pull_2026-09-26_plus_published_debt,64.76,Moderate Stability,61.56,Moderate Stability,61.56,Moderate Stability,62.90,Moderate Stability,64.14,Moderate Stability,64.76,Moderate Stability,2.5788440538713355,4.1,,excluded,76.83,High Stability,1.00,inflation_rate|food_cpi_yoy|labor_utilization|vix_month_mean|incident_rate,,2.5788440538713355,49.68,2.1,75.88,81.47,94.70,80.6,83.5,19.96,81.89,23.16,2467.79,73.76,trial_observed,621,2911.38,77.59,High Stability,73.50,High Stability,75.42,High Stability,76.83,High Stability,76.14,High Stability,"Hypothesis h2 replay for methodology v2.0 planning. Trial weights and ranges are not a contract. v1 columns are compute_index (methodology 1.0.0). v2 columns are not the published BugOut Index and are not inputs to the weekly job. h1 was the prior labeled basket (food 0–10, labor 70–83, weights 0.22/0.14/0.28/0.18/0.18)."
2024-11-01,recent,v2_candidate_hypothesis_h2,1.0.0,2026-09-26,bls_pull_2026-09-26_plus_published_debt,64.27,Moderate Stability,61.34,Moderate Stability,61.34,Moderate Stability,62.64,Moderate Stability,63.87,Moderate Stability,64.27,Moderate Stability,2.7194724612848353,4.2,,excluded,77.44,High Stability,1.00,inflation_rate|food_cpi_yoy|labor_utilization|vix_month_mean|incident_rate,,2.7194724612848353,49.12,2.4,74.12,81.40,94.00,80.5,83.5,16.02,89.06,21.98,2453.24,73.96,trial_observed,621,2893.02,78.31,High Stability,74.20,High Stability,76.03,High Stability,77.44,High Stability,76.72,High Stability,"Hypothesis h2 replay for methodology v2.0 planning. Trial weights and ranges are not a contract. v1 columns are compute_index (methodology 1.0.0). v2 columns are not the published BugOut Index and are not inputs to the weekly job. h1 was the prior labeled basket (food 0–10, labor 70–83, weights 0.22/0.14/0.28/0.18/0.18)."
2024-12-01,recent,v2_candidate_hypothesis_h2,1.0.0,2026-09-26,bls_pull_2026-09-26_plus_published_debt,64.11,Moderate Stability,61.27,Moderate Stability,61.27,Moderate Stability,62.55,Moderate Stability,63.78,Moderate Stability,64.11,Moderate Stability,2.870690967509984,4.1,,excluded,77.24,High Stability,1.00,inflation_rate|food_cpi_yoy|labor_utilization|vix_month_mean|incident_rate,,2.870690967509984,48.52,2.5,73.53,81.37,93.70,80.5,83.4,15.87,89.33,27.62,2434.44,74.21,trial_observed,621,2870.76,78.00,High Stability,74.21,High Stability,75.92,High Stability,77.24,High Stability,76.47,High Stability,"Hypothesis h2 replay for methodology v2.0 planning. Trial weights and ranges are not a contract. v1 columns are compute_index (methodology 1.0.0). v2 columns are not the published BugOut Index and are not inputs to the weekly job. h1 was the prior labeled basket (food 0–10, labor 70–83, weights 0.22/0.14/0.28/0.18/0.18)."
2025-01-01,recent,v2_candidate_hypothesis_h2,1.0.0,2026-09-26,bls_pull_2026-09-26_plus_published_debt,64.02,Moderate Stability,61.23,Moderate Stability,61.23,Moderate Stability,62.51,Moderate Stability,63.73,Moderate Stability,64.02,Moderate Stability,2.990978307899965,4,,excluded,77.46,High Stability,1.00,inflation_rate|food_cpi_yoy|labor_utilization|vix_month_mean|incident_rate,,2.990978307899965,48.04,2.5,73.53,81.54,95.40,80.7,83.5,16.76,87.70,19.54,2411.36,74.52,trial_observed,621,2843.59,78.19,High Stability,74.04,High Stability,76.05,High Stability,77.46,High Stability,76.63,High Stability,"Hypothesis h2 replay for methodology v2.0 planning. Trial weights and ranges are not a contract. v1 columns are compute_index (methodology 1.0.0). v2 columns are not the published BugOut Index and are not inputs to the weekly job. h1 was the prior labeled basket (food 0–10, labor 70–83, weights 0.22/0.14/0.28/0.18/0.18)."
2025-02-01,recent,v2_candidate_hypothesis_h2,1.0.0,2026-09-26,bls_pull_2026-09-26_plus_published_debt,64.09,Moderate Stability,61.26,Moderate Stability,61.26,Moderate Stability,62.54,Moderate Stability,63.76,Moderate Stability,64.09,Moderate Stability,2.8015834477613346,4.2,,excluded,77.13,High Stability,1.00,inflation_rate|food_cpi_yoy|labor_utilization|vix_month_mean|incident_rate,,2.8015834477613346,48.79,2.6,72.94,81.40,94.00,80.5,83.5,16.97,87.33,21.13,2379.13,74.94,trial_observed,621,2808.46,77.68,High Stability,73.89,High Stability,75.72,High Stability,77.13,High Stability,76.22,High Stability,"Hypothesis h2 replay for methodology v2.0 planning. Trial weights and ranges are not a contract. v1 columns are compute_index (methodology 1.0.0). v2 columns are not the published BugOut Index and are not inputs to the weekly job. h1 was the prior labeled basket (food 0–10, labor 70–83, weights 0.22/0.14/0.28/0.18/0.18)."
2025-03-01,recent,v2_candidate_hypothesis_h2,1.0.0,2026-09-26,bls_pull_2026-09-26_plus_published_debt,65.02,Moderate Stability,61.68,Moderate Stability,61.68,Moderate Stability,63.04,Moderate Stability,64.29,Moderate Stability,65.02,Moderate Stability,2.3819814628055505,4.2,,excluded,75.37,High Stability,1.00,inflation_rate|food_cpi_yoy|labor_utilization|vix_month_mean|incident_rate,,2.3819814628055505,50.47,3.0,70.59,81.27,92.70,80.4,83.3,21.84,78.47,27.86,2363.42,75.15,trial_observed,621,2788.47,75.43,High Stability,72.52,High Stability,74.13,High Stability,75.37,High Stability,74.41,High Stability,"Hypothesis h2 replay for methodology v2.0 planning. Trial weights and ranges are not a contract. v1 columns are compute_index (methodology 1.0.0). v2 columns are not the published BugOut Index and are not inputs to the weekly job. h1 was the prior labeled basket (food 0–10, labor 70–83, weights 0.22/0.14/0.28/0.18/0.18)."
2025-04-01,recent,v2_candidate_hypothesis_h2,1.0.0,2026-09-26,bls_pull_2026-09-26_plus_published_debt,65.14,Moderate Stability,61.74,Moderate Stability,61.74,Moderate Stability,63.10,Moderate Stability,64.36,Moderate Stability,65.14,Moderate Stability,2.3253882302578393,4.2,,excluded,73.59,High Stability,1.00,inflation_rate|food_cpi_yoy|labor_utilization|vix_month_mean|incident_rate,,2.3253882302578393,50.70,2.8,71.76,81.57,95.70,80.7,83.6,31.97,60.06,52.33,2345.56,75.39,trial_observed,621,2766.48,73.13,High Stability,69.84,Moderate Stability,72.09,High Stability,73.59,High Stability,72.58,High Stability,"Hypothesis h2 replay for methodology v2.0 planning. Trial weights and ranges are not a contract. v1 columns are compute_index (methodology 1.0.0). v2 columns are not the published BugOut Index and are not inputs to the weekly job. h1 was the prior labeled basket (food 0–10, labor 70–83, weights 0.22/0.14/0.28/0.18/0.18)."
2025-05-01,recent,v2_candidate_hypothesis_h2,1.0.0,2026-09-26,bls_pull_2026-09-26_plus_published_debt,64.85,Moderate Stability,61.60,Moderate Stability,61.60,Moderate Stability,62.95,Moderate Stability,64.19,Moderate Stability,64.85,Moderate Stability,2.377265107368083,4.3,,excluded,76.26,High Stability,1.00,inflation_rate|food_cpi_yoy|labor_utilization|vix_month_mean|incident_rate,,2.377265107368083,50.49,2.9,71.18,81.37,93.70,80.5,83.4,20.46,80.98,24.76,2325.48,75.66,trial_observed,621,2739.65,76.41,High Stability,72.99,High Stability,74.94,High Stability,76.26,High Stability,75.20,High Stability,"Hypothesis h2 replay for methodology v2.0 planning. Trial weights and ranges are not a contract. v1 columns are compute_index (methodology 1.0.0). v2 columns are not the published BugOut Index and are not inputs to the weekly job. h1 was the prior labeled basket (food 0–10, labor 70–83, weights 0.22/0.14/0.28/0.18/0.18)."
2025-06-01,recent,v2_candidate_hypothesis_h2,1.0.0,2026-09-26,bls_pull_2026-09-26_plus_published_debt,64.53,Moderate Stability,61.46,Moderate Stability,61.46,Moderate Stability,62.78,Moderate Stability,64.01,Moderate Stability,64.53,Moderate Stability,2.68045386591023,4.1,,excluded,77.10,High Stability,1.00,inflation_rate|food_cpi_yoy|labor_utilization|vix_month_mean|incident_rate,,2.68045386591023,49.28,3.0,70.59,81.54,95.40,80.7,83.5,18.40,84.72,22.17,2304.72,75.94,trial_observed,621,2712.74,77.39,High Stability,73.56,High Stability,75.70,High Stability,77.10,High Stability,75.99,High Stability,"Hypothesis h2 replay for methodology v2.0 planning. Trial weights and ranges are not a contract. v1 columns are compute_index (methodology 1.0.0). v2 columns are not the published BugOut Index and are not inputs to the weekly job. h1 was the prior labeled basket (food 0–10, labor 70–83, weights 0.22/0.14/0.28/0.18/0.18)."
2025-07-01,recent,v2_candidate_hypothesis_h2,1.0.0,2026-09-26,bls_pull_2026-09-26_plus_published_debt,64.04,Moderate Stability,61.24,Moderate Stability,61.24,Moderate Stability,62.52,Moderate Stability,63.74,Moderate Stability,64.04,Moderate Stability,2.7426180521671357,4.3,,excluded,77.06,High Stability,1.00,inflation_rate|food_cpi_yoy|labor_utilization|vix_month_mean|incident_rate,,2.7426180521671357,49.03,2.9,71.18,81.30,93.00,80.4,83.4,16.38,88.40,17.79,2282.94,76.23,trial_observed,621,2683.81,77.27,High Stability,74.00,High Stability,75.73,High Stability,77.06,High Stability,75.89,High Stability,"Hypothesis h2 replay for methodology v2.0 planning. Trial weights and ranges are not a contract. v1 columns are compute_index (methodology 1.0.0). v2 columns are not the published BugOut Index and are not inputs to the weekly job. h1 was the prior labeled basket (food 0–10, labor 70–83, weights 0.22/0.14/0.28/0.18/0.18)."
2025-08-01,recent,v2_candidate_hypothesis_h2,1.0.0,2026-09-26,bls_pull_2026-09-26_plus_published_debt,63.60,Moderate Stability,61.04,Moderate Stability,61.04,Moderate Stability,62.29,Moderate Stability,63.49,Moderate Stability,63.60,Moderate Stability,2.9385917430316257,4.3,,excluded,77.80,High Stability,1.00,inflation_rate|food_cpi_yoy|labor_utilization|vix_month_mean|incident_rate,,2.9385917430316257,48.25,3.2,69.41,81.60,96.00,80.7,83.7,15.75,89.55,20.38,2258.54,76.55,trial_observed,621,2653.74,78.12,High Stability,73.84,High Stability,76.22,High Stability,77.80,High Stability,76.57,High Stability,"Hypothesis h2 replay for methodology v2.0 planning. Trial weights and ranges are not a contract. v1 columns are compute_index (methodology 1.0.0). v2 columns are not the published BugOut Index and are not inputs to the weekly job. h1 was the prior labeled basket (food 0–10, labor 70–83, weights 0.22/0.14/0.28/0.18/0.18)."
2025-09-01,recent,v2_candidate_hypothesis_h2,1.0.0,2026-09-26,bls_pull_2026-09-26_plus_published_debt,63.24,Moderate Stability,60.88,Moderate Stability,60.88,Moderate Stability,62.09,Moderate Stability,63.29,Moderate Stability,63.24,Moderate Stability,3.0225715847133356,4.4,,excluded,77.87,High Stability,1.00,inflation_rate|food_cpi_yoy|labor_utilization|vix_month_mean|incident_rate,,3.0225715847133356,47.91,3.1,70.00,81.60,96.00,80.7,83.7,15.79,89.47,17.17,2234.66,76.87,trial_observed,621,2622.84,78.12,High Stability,73.79,High Stability,76.29,High Stability,77.87,High Stability,76.57,High Stability,"Hypothesis h2 replay for methodology v2.0 planning. Trial weights and ranges are not a contract. v1 columns are compute_index (methodology 1.0.0). v2 columns are not the published BugOut Index and are not inputs to the weekly job. h1 was the prior labeled basket (food 0–10, labor 70–83, weights 0.22/0.14/0.28/0.18/0.18)."
2025-10-01,recent,v2_candidate_hypothesis_h2,1.0.0,2026-09-26,bls_pull_2026-09-26_plus_published_debt,38.72,Critical Instability,53.55,Low Stability,58.95,Moderate Stability,53.44,Low Stability,54.39,Low Stability,,,,,122.56815,observed,80.82,High Stability,0.36,vix_month_mean|incident_rate,inflation_rate|food_cpi_yoy|labor_utilization,,,,,,,,,18.09,85.30,25.31,2206.54,77.25,trial_observed,621,2589.25,85.30,High Stability,80.82,High Stability,80.82,High Stability,70.30,High Stability,77.00,High Stability,"Hypothesis h2 replay for methodology v2.0 planning. Trial weights and ranges are not a contract. v1 columns are compute_index (methodology 1.0.0). v2 columns are not the published BugOut Index and are not inputs to the weekly job. h1 was the prior labeled basket (food 0–10, labor 70–83, weights 0.22/0.14/0.28/0.18/0.18)."
2025-11-01,recent,v2_candidate_hypothesis_h2,1.0.0,2026-09-26,bls_pull_2026-09-26_plus_published_debt,56.07,Moderate Stability,57.39,Moderate Stability,61.13,Moderate Stability,57.87,Moderate Stability,58.62,Moderate Stability,63.79,Moderate Stability,2.696443916493949,4.5,122.56815,carried_forward,77.42,High Stability,1.00,inflation_rate|food_cpi_yoy|labor_utilization|vix_month_mean|incident_rate,,2.696443916493949,49.21,2.6,72.94,81.56,95.60,80.6,83.8,19.77,82.24,26.42,2178.66,77.62,trial_observed,621,2558.78,77.37,High Stability,73.34,High Stability,75.74,High Stability,73.27,High Stability,75.96,High Stability,"Hypothesis h2 replay for methodology v2.0 planning. Trial weights and ranges are not a contract. v1 columns are compute_index (methodology 1.0.0). v2 columns are not the published BugOut Index and are not inputs to the weekly job. h1 was the prior labeled basket (food 0–10, labor 70–83, weights 0.22/0.14/0.28/0.18/0.18)."
2025-12-01,recent,v2_candidate_hypothesis_h2,1.0.0,2026-09-26,bls_pull_2026-09-26_plus_published_debt,56.26,Moderate Stability,57.49,Moderate Stability,61.25,Moderate Stability,57.99,Moderate Stability,58.74,Moderate Stability,64.06,Moderate Stability,2.653304114557758,4.4,122.56815,carried_forward,78.55,High Stability,1.00,inflation_rate|food_cpi_yoy|labor_utilization|vix_month_mean|incident_rate,,2.653304114557758,49.39,3.1,70.00,81.63,96.30,80.7,83.8,15.55,89.91,17.62,2150.72,77.99,trial_observed,621,2529.18,78.69,High Stability,74.38,High Stability,76.88,High Stability,74.28,High Stability,77.03,High Stability,"Hypothesis h2 replay for methodology v2.0 planning. Trial weights and ranges are not a contract. v1 columns are compute_index (methodology 1.0.0). v2 columns are not the published BugOut Index and are not inputs to the weekly job. h1 was the prior labeled basket (food 0–10, labor 70–83, weights 0.22/0.14/0.28/0.18/0.18)."
2026-01-01,recent,v2_candidate_hypothesis_h2,1.0.0,2026-09-26,bls_pull_2026-09-26_plus_published_debt,56.78,Moderate Stability,57.78,Moderate Stability,61.59,Moderate Stability,58.32,Moderate Stability,59.08,Moderate Stability,64.82,Moderate Stability,2.391201432150015,4.3,122.59387,observed,79.19,High Stability,1.00,inflation_rate|food_cpi_yoy|labor_utilization|vix_month_mean|incident_rate,,2.391201432150015,50.44,2.9,71.18,81.76,97.60,80.8,84,16.18,88.77,20.09,2130.84,78.26,trial_observed,621,2505.88,79.42,High Stability,74.75,High Stability,77.33,High Stability,74.85,High Stability,77.61,High Stability,"Hypothesis h2 replay for methodology v2.0 planning. Trial weights and ranges are not a contract. v1 columns are compute_index (methodology 1.0.0). v2 columns are not the published BugOut Index and are not inputs to the weekly job. h1 was the prior labeled basket (food 0–10, labor 70–83, weights 0.22/0.14/0.28/0.18/0.18)."
2026-02-01,recent,v2_candidate_hypothesis_h2,1.0.0,2026-09-26,bls_pull_2026-09-26_plus_published_debt,56.59,Moderate Stability,57.67,Moderate Stability,61.47,Moderate Stability,58.20,Moderate Stability,58.96,Moderate Stability,64.55,Moderate Stability,2.43400411037322,4.4,122.59387,carried_forward,77.84,High Stability,1.00,inflation_rate|food_cpi_yoy|labor_utilization|vix_month_mean|incident_rate,,2.43400411037322,50.26,3.1,70.00,81.66,96.60,80.7,83.9,19.21,83.26,21.77,2116.11,78.45,trial_observed,621,2487.12,77.69,High Stability,73.58,High Stability,76.08,High Stability,73.65,High Stability,76.23,High Stability,"Hypothesis h2 replay for methodology v2.0 planning. Trial weights and ranges are not a contract. v1 columns are compute_index (methodology 1.0.0). v2 columns are not the published BugOut Index and are not inputs to the weekly job. h1 was the prior labeled basket (food 0–10, labor 70–83, weights 0.22/0.14/0.28/0.18/0.18)."
2026-03-01,recent,v2_candidate_hypothesis_h2,1.0.0,2026-09-26,bls_pull_2026-09-26_plus_published_debt,55.41,Moderate Stability,57.03,Moderate Stability,60.70,Moderate Stability,57.46,Moderate Stability,58.19,Moderate Stability,62.83,Moderate Stability,3.2859577528652006,4.3,122.59387,carried_forward,75.60,High Stability,1.00,inflation_rate|food_cpi_yoy|labor_utilization|vix_month_mean|incident_rate,,3.2859577528652006,46.86,2.7,72.35,81.63,96.30,80.7,83.8,25.60,71.64,31.05,2096.18,78.72,trial_observed,621,2466.07,74.82,High Stability,71.55,High Stability,73.92,High Stability,71.64,High Stability,73.93,High Stability,"Hypothesis h2 replay for methodology v2.0 planning. Trial weights and ranges are not a contract. v1 columns are compute_index (methodology 1.0.0). v2 columns are not the published BugOut Index and are not inputs to the weekly job. h1 was the prior labeled basket (food 0–10, labor 70–83, weights 0.22/0.14/0.28/0.18/0.18)."
2026-04-01,recent,v2_candidate_hypothesis_h2,1.0.0,2026-09-26,bls_pull_2026-09-26_plus_published_debt,54.65,Low Stability,56.62,Moderate Stability,60.20,Moderate Stability,56.99,Moderate Stability,57.69,Moderate Stability,61.74,Moderate Stability,3.7792458367415627,4.3,122.59387,carried_forward,76.53,High Stability,1.00,inflation_rate|food_cpi_yoy|labor_utilization|vix_month_mean|incident_rate,,3.7792458367415627,44.88,3.2,69.41,81.63,96.30,80.7,83.8,19.81,82.16,25.78,2074.97,79.00,trial_observed,621,2443.27,75.91,High Stability,72.48,High Stability,74.85,High Stability,72.48,High Stability,74.80,High Stability,"Hypothesis h2 replay for methodology v2.0 planning. Trial weights and ranges are not a contract. v1 columns are compute_index (methodology 1.0.0). v2 columns are not the published BugOut Index and are not inputs to the weekly job. h1 was the prior labeled basket (food 0–10, labor 70–83, weights 0.22/0.14/0.28/0.18/0.18)."
2026-05-01,recent,v2_candidate_hypothesis_h2,1.0.0,2026-09-26,bls_pull_2026-09-26_plus_published_debt,54.05,Low Stability,56.30,Moderate Stability,59.82,Moderate Stability,56.62,Moderate Stability,57.31,Moderate Stability,60.87,Moderate Stability,4.166614684049648,4.3,122.59387,carried_forward,76.94,High Stability,0.80,inflation_rate|food_cpi_yoy|labor_utilization|vix_month_mean,incident_rate,4.166614684049648,43.33,3.1,70.00,81.73,97.30,80.8,83.9,17.24,86.84,18.43,,,excluded,,,76.94,High Stability,71.50,High Stability,74.74,High Stability,71.95,High Stability,75.62,High Stability,"Hypothesis h2 replay for methodology v2.0 planning. Trial weights and ranges are not a contract. v1 columns are compute_index (methodology 1.0.0). v2 columns are not the published BugOut Index and are not inputs to the weekly job. h1 was the prior labeled basket (food 0–10, labor 70–83, weights 0.22/0.14/0.28/0.18/0.18)."
2026-06-01,recent,v2_candidate_hypothesis_h2,1.0.0,2026-09-26,bls_pull_2026-09-26_plus_published_debt,55.26,Moderate Stability,56.95,Moderate Stability,60.60,Moderate Stability,57.37,Moderate Stability,58.09,Moderate Stability,62.61,Moderate Stability,3.4635307293854063,4.2,122.59387,carried_forward,75.25,High Stability,0.80,inflation_rate|food_cpi_yoy|labor_utilization|vix_month_mean,incident_rate,3.4635307293854063,46.15,3.0,70.59,81.13,91.30,80.2,83.3,17.91,85.62,22.22,,,excluded,,,75.25,High Stability,72.21,High Stability,73.69,High Stability,70.48,High Stability,74.27,High Stability,"Hypothesis h2 replay for methodology v2.0 planning. Trial weights and ranges are not a contract. v1 columns are compute_index (methodology 1.0.0). v2 columns are not the published BugOut Index and are not inputs to the weekly job. h1 was the prior labeled basket (food 0–10, labor 70–83, weights 0.22/0.14/0.28/0.18/0.18)."
2026-07-01,recent,v2_candidate_hypothesis_h2,1.0.0,2026-09-26,bls_pull_2026-09-26_plus_published_debt,55.63,Moderate Stability,57.15,Moderate Stability,60.84,Moderate Stability,57.60,Moderate Stability,58.33,Moderate Stability,63.15,Moderate Stability,3.303856050706308,4.1,122.59387,carried_forward,76.35,High Stability,0.80,inflation_rate|food_cpi_yoy|labor_utilization|vix_month_mean,incident_rate,3.303856050706308,46.78,3.0,70.59,81.30,93.00,80.4,83.4,17.09,87.11,20.66,,,excluded,,,76.35,High Stability,72.82,High Stability,74.68,High Stability,71.44,High Stability,75.15,High Stability,"Hypothesis h2 replay for methodology v2.0 planning. Trial weights and ranges are not a contract. v1 columns are compute_index (methodology 1.0.0). v2 columns are not the published BugOut Index and are not inputs to the weekly job. h1 was the prior labeled basket (food 0–10, labor 70–83, weights 0.22/0.14/0.28/0.18/0.18)."
2026-08-01,recent,v2_candidate_hypothesis_h2,1.0.0,2026-09-26,bls_pull_2026-09-26_plus_published_debt,55.55,Moderate Stability,57.11,Moderate Stability,60.79,Moderate Stability,57.55,Moderate Stability,58.28,Moderate Stability,63.04,Moderate Stability,3.353016322755652,4.1,122.59387,carried_forward,77.28,High Stability,0.80,inflation_rate|food_cpi_yoy|labor_utilization|vix_month_mean,incident_rate,3.353016322755652,46.59,2.7,72.35,81.30,93.00,80.4,83.4,15.23,90.49,16.50,,,excluded,,,77.28,High Stability,73.76,High Stability,75.62,High Stability,72.25,High Stability,75.90,High Stability,"Hypothesis h2 replay for methodology v2.0 planning. Trial weights and ranges are not a contract. v1 columns are compute_index (methodology 1.0.0). v2 columns are not the published BugOut Index and are not inputs to the weekly job. h1 was the prior labeled basket (food 0–10, labor 70–83, weights 0.22/0.14/0.28/0.18/0.18)."
