series,value,observation_period,observation_date,source,source_url,reviewed_at
nashville_hmis_people,3486,July 2025,2025-07-31,Metro Nashville Office of Homeless Services HMIS monthly report July 2026,https://www.nashville.gov/sites/default/files/2026-09/HPC_Monthly_Report_July_26_v20.pdf,2026-10-07
nashville_hmis_people,3474,August 2025,2025-08-31,Metro Nashville Office of Homeless Services HMIS monthly report July 2026,https://www.nashville.gov/sites/default/files/2026-09/HPC_Monthly_Report_July_26_v20.pdf,2026-10-07
nashville_hmis_people,3585,September 2025,2025-09-30,Metro Nashville Office of Homeless Services HMIS monthly report July 2026,https://www.nashville.gov/sites/default/files/2026-09/HPC_Monthly_Report_July_26_v20.pdf,2026-10-07
nashville_hmis_people,3448,October 2025,2025-10-31,Metro Nashville Office of Homeless Services HMIS monthly report July 2026,https://www.nashville.gov/sites/default/files/2026-09/HPC_Monthly_Report_July_26_v20.pdf,2026-10-07
nashville_hmis_people,3897,November 2025,2025-11-30,Metro Nashville Office of Homeless Services HMIS monthly report July 2026,https://www.nashville.gov/sites/default/files/2026-09/HPC_Monthly_Report_July_26_v20.pdf,2026-10-07
nashville_hmis_people,4318,December 2025,2025-12-31,Metro Nashville Office of Homeless Services HMIS monthly report July 2026,https://www.nashville.gov/sites/default/files/2026-09/HPC_Monthly_Report_July_26_v20.pdf,2026-10-07
nashville_hmis_people,3986,January 2026,2026-01-31,Metro Nashville Office of Homeless Services HMIS monthly report July 2026,https://www.nashville.gov/sites/default/files/2026-09/HPC_Monthly_Report_July_26_v20.pdf,2026-10-07
nashville_hmis_people,4094,February 2026,2026-02-28,Metro Nashville Office of Homeless Services HMIS monthly report July 2026,https://www.nashville.gov/sites/default/files/2026-09/HPC_Monthly_Report_July_26_v20.pdf,2026-10-07
nashville_hmis_people,3849,March 2026,2026-03-31,Metro Nashville Office of Homeless Services HMIS monthly report July 2026,https://www.nashville.gov/sites/default/files/2026-09/HPC_Monthly_Report_July_26_v20.pdf,2026-10-07
nashville_hmis_people,3330,April 2026,2026-04-30,Metro Nashville Office of Homeless Services HMIS monthly report July 2026,https://www.nashville.gov/sites/default/files/2026-09/HPC_Monthly_Report_July_26_v20.pdf,2026-10-07
nashville_hmis_people,2991,May 2026,2026-05-31,Metro Nashville Office of Homeless Services HMIS monthly report July 2026,https://www.nashville.gov/sites/default/files/2026-09/HPC_Monthly_Report_July_26_v20.pdf,2026-10-07
nashville_hmis_people,3108,June 2026,2026-06-30,Metro Nashville Office of Homeless Services HMIS monthly report July 2026,https://www.nashville.gov/sites/default/files/2026-09/HPC_Monthly_Report_July_26_v20.pdf,2026-10-07
nashville_hmis_people,2907,July 2026,2026-07-31,Metro Nashville Office of Homeless Services HMIS monthly report July 2026,https://www.nashville.gov/sites/default/files/2026-09/HPC_Monthly_Report_July_26_v20.pdf,2026-10-07
austin_sheltered_people,1070,June 2025 dashboard published 2025-09-10; engaged 2025-01-02 to 2025-07-01,2025-07-01,ECHO Austin/Travis Homelessness Response System dashboard,https://echoatx.github.io/hrs-dashboard-site/,2026-10-07
denver_shelter_occupancy,93,Q2 2026,2026-06-30,Denver HOST performance-based contracting six-month results published 2026-08-04,https://www.denvergov.org/Government/Agencies-Departments-Offices/Agencies-Departments-Offices-Directory/Department-of-Housing-Stability/News/HOST-Announces-Strong-Early-Results-from-Performance-Based-Contracting-Pilot,2026-10-07
